,tgt,sent,meta_file,meta_indices
0,drew,"you must give them a sign to show them you are from God . "" Ali Asghar then drew out his dry tongue and slowly licked his parched lips .",text_acad_1990.txt,"(21956428, 21956565)"
1,drew,"<p> In the process of refining their new sense of ethnic identity , the participants at the Denver meeting proclaimed the idea of Aztlan in the conference 's famous manifesto , "" El Plan Espiritual de Aztlan . "" The Spiritual Plan of Aztlan drew its inspiration from Aztec origin myths and from the vivid expressions of Chicano cultural pride explored in the writings of Corky Gonzalez and the Chicano poet Alurista .",text_acad_1991.txt,"(6885982, 6886400)"
2,drew,"<p> At the end of World War II , when the United States and the Soviet Union drew the fateful line dividing the country -- a line intended merely to delineate temporary administrative zones for processing the surrender of Japanese forces -- the Korean peninsula was so remote that officials at the State Department could hardly locate it on the map .",text_acad_1992.txt,"(4304831, 4305182)"
3,drew,"keeping his back to me , pushed him forward down the road about fifty yards -- he all the while endeavouring to turn round &; strike me , &; raging &; cursing , which drew out several neighbours ; at length , when I had got him to where he was Quarter 'd , which was very quickly done , we were met at the Gate by the Master of The Fox Inn ( who is the proprietor of my Cottage ) , &;",text_acad_1994.txt,"(325341, 325726)"
4,draw,"For as noted in the beginning , great art transcends its time . It transcends those who draw powers from it . It transcends those who exercise powers to affect it .",text_acad_1994.txt,"(16779384, 16779549)"
5,draw,""" <p> It is not just for their "" polyphiloprogenitive "" tendencies , however , that various creatures draw Beeton 's attention , but for their capacity to break down the very boundaries by which meaning and culture are secured , boundaries which Beeton has pledged herself and the Victorian household to defend .",text_acad_1997.txt,"(1161462, 1161775)"
6,draw,"First , it could only make sense if we could neutrally draw with some accuracy a natural line that separates the "" public "" from the "" private .",text_acad_1997.txt,"(2832558, 2832703)"
7,drawn,"In this "" desecration of idols , "" the Arab leaders are brought one by one to be tossed into the fire 79 and burned alive , as punishment for their betrayal of the people of Tal al-Za'tar and other crimes : PREFORMATTED TABLE <p> This is repeated in segments several times , to the enthusiastic laughter and applause of the audience . Again we find al-Nawwab having drawn the audience in to take enjoyment and to participate enthusiastically in this public enactment of taking revenge , only to then jolt them back to the somber reminder of the macabre funeral procession , returning again suddenly to the grotesque defilement of the body parts of the victims of Tal al-Za'tar .",text_acad_1997.txt,"(4012530, 4013209)"
8,draws,"More generally , we can identify a sense of place that draws together the free-floating , nondirectional sense of place associated with outer space and the omnipresent , omniscient sense of place associated with Eastern religions ( Eliade 1960 ) .",text_acad_1997.txt,"(7264493, 7264741)"
9,drew,") </P> But to make matters worse , William Rehnquist and several other justices gave legitimacy to some of the claims of our opponents by writing of their concerns about "" the slippery slope , "" "" a possible slide towards voluntary and perhaps involuntary euthanasia , "" the state 's right to prevent "" Netherlands-style euthanasia , "" the possible applications to the disabled , and a problem of coerced assisted suicide . </P> All the written opinions drew a sharp line between the right to refuse treatment and the right to request help in dying .",text_acad_1997.txt,"(26639284, 26639835)"
10,draw,"But now : see how Job can not draw Leviathan out with a hook -- how much less can he draw out God 's nature , and His purpose ! <p> So the poet , through the whirlwind 's answer , stills Job .",text_acad_1998.txt,"(312659, 312852)"
11,drawn,It stands to reason that the style of thinking and producing ideas and the specific content of awareness are interdependent in cohesive ways . A distractible child whose attention is drawn by certain types of trivial detail will come to view experiences in a particular light ( e.,text_acad_1998.txt,"(15229203, 15229484)"
12,draw,"Their depiction as bishops in fact allows the illuminator to draw a greater visual parallel to the abbots , each of whom holds a crosier and book .",text_acad_1999.txt,"(17429579, 17429727)"
13,draws,"Finally he elevates himself to veritably transcendent , mythological status ( Lacan might say an embracing of the paternal metaphor ) when , toward the end of the play , he draws several parallels between himself and Hercules , both male figures robbed of their masculinity .",text_acad_1999.txt,"(17933305, 17933581)"
14,drawn,"Transformation of the Snake Symbol <p> Although the empirical data which I have drawn attention to here are relatively sparse , they seem to indicate that the symbolism of the snake may have changed during the early Iron Age , between ca.",text_acad_2000.txt,"(2285741, 2285980)"
15,draws,"<p> It is not a coincidence that the brief interchange between Calisto and Melibea in the opening act of Rojas 's text draws our attention to Melibea 's body : <p> Calisto : En esto veo , Melibea , la grandeza de Dios .",text_acad_2000.txt,"(18141940, 18142160)"
16,draw,"In his announcement of the new policy , Cardoso spoke of the Amazon region as the major strategic priority of his government , and referred to "" armed bands who operate in neighboring countries , on the border of Brazilian Amazonia , "" and to "" international organized crime "" as "" some of the concerns that should draw the attention of the strategies that come out of this defense policy .",text_acad_2000.txt,"(24883676, 24884067)"
17,drew,"Levin , Newmann , and Oliver and Oliver and Shaver drew that same conclusion when they did research on students ' use of a jurisprudential model in which the students analyzed controversial public issues using court cases .",text_acad_2002.txt,"(3195539, 3195763)"
18,drew,"In his Discourse on Demons , for example , Francesco de ' Vieri drew the following conclusions about how demons use bodies : <p> When spirits move themselves , they do this with simple motions , taking some body of air and entering into a human body -- spirits being between forms and souls .",text_acad_2002.txt,"(16150951, 16151244)"
19,draw,", # of home games won / # of home games played X 100 ) for each season . <p> Home draw percentage minus away draw percentage differential ( H/ADD ) . In order to account for the results of drawn matches , H/ADD was computed by subtracting each individual team 's away draw percentage ( i.",text_acad_2003.txt,"(7387666, 7387955)"
20,draws,Dominican is a Catholic college-preparatory school of approximately four hundred students . It draws 70 percent of its students from the city of Milwaukee and has a minority enrollment of 35 percent .,text_acad_2003.txt,"(12335340, 12335541)"
21,drawing,"indeed , Indian styles in film have themselves been subject to a fashion reinterpretation , both drawing from as well as informing made-to-order trousseaux , or off-the-rack garments such as those designed and sold by , among others , designers Abu Jani and Sandeep Khosla , and Nita Lulla .",text_acad_2006.txt,"(2650492, 2650784)"
22,Drawing,"( n108 ) In addition to alluding to long-standing modes of image replication , the rhyme is prescient , anticipating the copying that would occur in Netherlandish painting toward the end of the century and the particular interest that painters would take in copying Rogier 's Deposition -- a painting that was copied and pastiched in the Netherlands of the fifteenth and sixteenth centuries probably more often than any other . Rogier van der Weyden 's Saint Luke Drawing the Virgin of about 1435-40 <p> Rogier 's prescience in regard to copying makes itself felt again in his painting Saint Luke Drawing the Virgin of about 1435-40 ( Fig.",text_acad_2006.txt,"(8918410, 8919050)"
23,draw,"Late one night soon thereafter , a nurse witnessed the patient draw blood from a vein in her arm and then squirt it around her neck and on the ceiling .",text_acad_2006.txt,"(11681128, 11681281)"
24,draw,"if you would have your sinnes mortified , you must by Faith draw Christ into your hearts . "" ( n37 ) The "" must "" is an imperative conditioned by the prior indwelling of the Spirit , ( n38 ) so Preston , here , is not telling saints to marshal an autonomous power in order to prevail forcibly upon Christ .",text_acad_2006.txt,"(13649060, 13649367)"
25,draw,""" You have to figure out the effects of biofuels on natural systems and on markets worldwide , and no LCAs do this "" <p> By this logic , if you draw the boundaries of your model short of economic effects , or just at the borders of the United States , your analysis is something of a fantasy -- as if you were trying to predict the weather without looking at patterns outside your own city .",text_acad_2007.txt,"(7240923, 7241315)"
26,drawn,"Money Is a Struggle <p> Over the past several years , NASS has become far more focused on refining its model and trying to ensure member schools are faithful to it . The association has drawn up an exhaustive list of nearly 100 "" essentials "" for its model , covering such areas as academics , spiritual development , finances , and organizational management .",text_acad_2007.txt,"(7484788, 7485149)"
27,draws,"<p> So the sort of humanism I represent , to which I am an heir , draws energy not from the Renaissance or from an idealized pre-Christian Greece and Rome but , rather , from very recent scientific discoveries and modes of seeking truth .",text_acad_2007.txt,"(16377127, 16377366)"
28,drew,"Kirkuk and Arbil , especially the former , provided large numbers of officials to the Ottoman government . "" ( n11 ) That the British government drew up its proclamations to the city 's residents in the same Turkish language used at the time in Istanbul ( 12 ) was a testament to Kirkuk 's Turkish character .",text_acad_2007.txt,"(21740623, 21740933)"
29,drew,"This view was later supported by Dora Crouch , Daniel Garr , and Axel Mundigo in their now-classic Spanish City Planning in North America ( 1982 ) . They drew inspiration from Stanislawski 's interpretation of the Vitruvian influence on the Spanish Laws of the Indies yet pointed out that Vitruvius himself never explicitly recommended a grid layout , preferring a radial plan instead .",text_acad_2008.txt,"(1444221, 1444608)"
30,draw,"If so , how do we enforce such a ban ? How do we draw the line between those with a legitimate need for such drugs and those without such a legitimate need ?",text_acad_2008.txt,"(10308507, 10308665)"
31,drew,"The auditorium was hot and stuffy , and as my eyes grew heavy , my mind began to wander , until a sudden silence drew it sharply back to awareness . <p> The girl had stopped playing .",text_acad_2008.txt,"(24400255, 24400439)"
32,draws,""" 38 <p> Given the historical accounts of Ishi 's actual experiences in the museum , Vizenor 's play comes across as rather tame , as if the author relies heavily on his reader 's knowledge of the experiences of the historical Ishi to appreciate the understatement in the dramatization , especially in that the playwright is more interested in Ishi 's legacy than in his actual experiences in the museum . Vizenor draws a clear line between the historical Ishi and the character in his play , perhaps most readily apparent in the fact that he devotes three of the four acts to events that transpire after the death of the historical man .",text_acad_2009.txt,"(9153211, 9153850)"
33,draw,Even such technologically up-to-date enterprises as the closed-circuit opera telecasts transmitted from New York 's Metropolitan Opera House to movie theaters across America draw crowds consisting mainly of senior citizens . A sobering report issued in November has put statistical flesh on the bones of the anecdotal evidence of a looming disaster for the arts in the United States .,text_acad_2010.txt,"(2437747, 2438132)"
34,draw,"The word "" visionary "" has many interpretations , but the most widely accepted ones tend to share the idea that visionaries transcend the limits of conventional systems of knowledge . They draw conclusions , form conjectures , and posit outcomes and possibilities beyond those which are strictly justified by the conventions of this or that discipline .",text_acad_2010.txt,"(4868201, 4868555)"
35,drew,"The social worker 's explanation of the drawing was as follows : "" I drew a black spiral that is the high-pitched whirring noise of the sirens when a bomb falls .",text_acad_2010.txt,"(20476258, 20476421)"
36,draws,""" The townspeople with whom we chatted -- the country newspaper editor , the women in the restaurant on the square , service station attendants , overalled farmers and sawmill workers -- unanimously were resentful that the crime should have attracted such attention and drawn newspapermen and photographers to their community as sorghum syrup draws flies . "" 18 </p> Community leaders who had initially taken a laissez-faire attitude to the case now felt compelled to go through the requisite motions .",text_acad_2011.txt,"(11985859, 11986362)"
37,draw,"Used to a lesser degree , yet representing distinct camps or schools of thought in the field , are functions that focus on musicians . Gestures that draw musicians into an intense mental and visual connection with the conductor serve a motivational function .",text_acad_2012.txt,"(17570899, 17571159)"
38,drew,"Instead of being forced to make a transition to a fully Western-style economy , Chinese policymakers created a distinctive state-directed yet marketized model that maintained key elements of self-control . The post-WTO "" China model "" drew strength from global trade and investment without compromising the primary role of the domestic market in its economic growth ;",text_acad_2013.txt,"(9255057, 9255425)"
39,draw,"However , it has been convincingly argued that the emphasis placed on treatment outcomes should not draw attention away from consideration of the mechanisms that drive these outcomes ( e.",text_acad_2014.txt,"(12199231, 12199419)"
40,draws,"15 In his seminal book , Imagined Communities , Benedict Anderson draws scholarly attention to these with a concept of creole nationalism that describes the nationalist movements led by the descendants of the original settlers/conquerors against the colonial rulers coming from the Old Country , with whom they share a common language , kindred , and cultural heritage.",text_acad_2014.txt,"(15566876, 15567246)"
41,draw,"After analyzing the evidence , school librarians draw conclusions and tailor subsequent activities and lessons to address unmet needs and to further enhance areas of strength .",text_acad_2015.txt,"(8989934, 8990111)"
42,drew,"Id . In rejecting Dulles 's proposal , "" Yoshida drew the arrows from his quiver : His country could n't afford it ;",text_acad_2016.txt,"(4070041, 4070158)"
43,draw,"# Second , scholars and judges in the law and economics camp also disagree that courts ' refusals to enforce contracts may have a positive impact , helping people draw the line between conscionable and unconscionable market behaviors .",text_acad_2016.txt,"(5798000, 5798236)"
44,drew,"As Raquel Reyes reminds us , Rizal formed a number of homosocial societies before he organized Los Indios Bravos , a society inspired by a Wild West show he observed at the 1889 Paris Exposition ( 100 ) . In naming this organization , Rizal drew a structural connection between Native Americans in the United States and indios in the Philippines , a connection that Sharon Delmendo reads as a subversive undercutting of the racial slur , indio ( 27 ) .",text_acad_2016.txt,"(12334897, 12335350)"
45,draw,"Having delineated the political polysemy of "" the machine , "" the rest of the article will draw on a largely neglected philosopher of technology , G&uuml;",text_acad_2016.txt,"(16440743, 16440898)"
46,drew,"They also often rejected religion and forcefully turned to secular humanism based on the ancient philosophers , or the values of art and human possibility in Renaissance civic humanism , or nontheist Buddhism , or any number of modern moral causes , some of which grew out of insights that occurred in quite unchristian minds . <p> Gandhi , for example , drew his nonviolence from Jainism and his ideas of love and individual responsibility from Hinduism .",text_acad_2016.txt,"(24753408, 24753865)"
47,drawn,"Ben-Naim previously created in Australia . Inspark has drawn $4.5-million in backing from the Bill &amp; Melinda Gates Foundation and , as of last month , a $10-million , five-year grant from NASA to promote science education in elementary and secondary schools and to the general public .",text_acad_2016.txt,"(25037574, 25037864)"
48,draw,"Rather , the information that is available on enforcement actions does not allow one to draw useful empirical conclusions regarding the relationship between forum choice and case outcome .",text_acad_2017.txt,"(9366602, 9366791)"
49,draws,"2 , 1842 ) ( stating that "" Richard Charles has no individual Property or other Assets nor any individual Liabilities "" ) . Baptist draws the example from the Eastern District sales books , see BAPTIST , supra , at 487 n.",text_acad_2018.txt,"(10864522, 10864744)"
50,drawing,"Whatever the normative merits of these rules , however , their precedential support is not what it seems . They are drawing holdings from a lost era in which authorization was required for all searches and seizures .",text_acad_2018.txt,"(11988884, 11989101)"
51,drew,"# In order to estimate the variance of population-based estimators , we employ a non-parametric bootstrap algorithm . From each response set , we drew B = 500 bootstrap samples using simple random sampling ( SRS ) with replacement .",text_acad_2019.txt,"(3598559, 3598792)"
52,draw,"When operating in the NHST statistical framework , we can reconsider our preset threshold for significance . We should draw an explicit line between confirmatory and exploratory analyses .",text_acad_2019.txt,"(23834658, 23834847)"
53,draws,"And the interesting thing is to watch them turn away from the eyepiece and look up at the Moon or Jupiter or Saturn or countless other heavenly wonders . But it 's he Moon , in particular , that always draws the most "" oohs "" and "" ahs "" from people . The craters and mountains stand out so magnificently -- especially at First Quarter when the terminator is dotted with wonders for all to see .",text_blog_01.txt,"(2542460, 2542856)"
54,drawn,First Solar 's Topaz Plan in San Luis Obispo has drawn opposition from environmental groups over the impact on endangered San Joaquin kit foxes .,text_blog_02.txt,"(18796571, 18796717)"
55,drew,"<p> BUILDING Walt Disney Concert Hall , Los Angeles Frank Gehry 's design is so beautiful , it makes you want to touch it . I 've only been there once , but it drew me to it . The outside is dramatic , like silver waves .",text_blog_04.txt,"(12523320, 12523542)"
56,drew,"Leatherback sea turtles are among the world 's largest reptiles , and adults commonly weigh in excess of 1000 pounds . Rescue staff drew blood to evaluate the animal 's health and started administering drugs to treat it for dehydration , trauma and shock .",text_blog_05.txt,"(2397747, 2398004)"
57,draws,"<h> 26 comments : <p> From a reader 's perspective , and we are the customers in this universe , a writer 's voice is often the dominant influence . <p> Some authors have a writing style that just draws me in and can even set me on fire . It has something to do with choice of words , I like a lyrical style .",text_blog_05.txt,"(5585120, 5585430)"
58,draws,"a continual tug of war between free-born Yankee and southern aristocrat "" ( 55 ) . <p> Although Murray draws much pride and strength from her grandfather 's side , I found her research into her grandmother 's side the most interesting .",text_blog_07.txt,"(16429280, 16429517)"
59,draws,"<p> How about this line of thought : There is no solution that will work except one that draws Israel 's borders as the newly declared state of Israel itself recognized them to the UN in 1948 , that is , as delineated under the UN partition plan and with allowance of all Palestinians to return ASAP .",text_blog_09.txt,"(11419643, 11419945)"
60,draw,Was Judge Sumi the gal with the suspiciously al Qaida looking scarf she always wore or was she the laughably misshapen and frightening other one ? Does this draw a clear enough distinction for identification ? Please respond .,text_blog_09.txt,"(17568571, 17568798)"
61,draw,"When I 'm with a strange woman and she throws me one of the classic "" story cues , "" I just draw a blank , because I have nothing I want to tell her other than genuinely interesting things , and those things do n't come in story format .",text_blog_09.txt,"(20184531, 20184769)"
62,draw,"<p> The resulting blink gif , 1800-2000 BEST-Hockey Stick comparison would appear to support your observation that BEST and the Hockey Team draw very different conclusions about the Earth 's recent temperature record !",text_blog_10.txt,"(17150933, 17151152)"
63,draws,"from the home depot pipe bomb in heampstead , to the attempted bombing of the federal reserve bank . <p> you can guarantee that the article draws no links to the martyrdom of Bin Laden , the attacks on benghazzi , and the lone actor script will be in full play .",text_blog_11.txt,"(8197452, 8197715)"
64,drawn,""" <p> The foregoing discussion demonstrates that the new USGS study has failed to respect the evidence of past discovery both in terms of amounts and rates . Many commentators have drawn attention to the remarkable technological achievements of the industry over the past few years .",text_blog_11.txt,"(21562446, 21562730)"
65,draw,"Neither of those is spelled out as an explicit option , they 're just inviting mysteries in the book that draw people to do something different . <p> It 's possible to spell out options like this too .",text_blog_12.txt,"(1596420, 1596622)"
66,drew,"<p> Obviously , Zimmerman meant to convey that after he drew the gun he moved his hand to point it at Martin ( who would be difficult to miss and he , instinctively , would not want to shoot himself ) , and then shot once in panic and fear .",text_blog_12.txt,"(15727992, 15728234)"
67,draws,"When Evan makes neighborhood safety his new cause ( his sweatshirt : "" No More Murders "" ) , his rally for support draws derision and only three volunteers . <p> They 're a motley lot : Bob , a father of a teenager looking for a guy 's night out ( Vince Vaughn ) ;",text_blog_12.txt,"(18229426, 18229691)"
68,draw,"<p> Harriet Hall -- "" Manipulators and nonmanipulators draw different conclusions from the same evidence . Obviously those who use manipulation routinely or who use it exclusively are going to be biased .",text_blog_13.txt,"(5863997, 5864202)"
69,drew,"<p> Finally , one officer addressing 50+ people who apparently did n't give a damn that he had a radio ( as if everybody carries a two-way radio ) was walking away after a few words when he got hit by a snowball . He then drew his weapon , appropriately in my opinion . <p> Holy crap .",text_blog_13.txt,"(8764743, 8765029)"
70,drawn,""" <p> Finally , as E-noticies reports , Xavi was asked today about the significance of having a full Catalan flag ( a senyera ) displayed in the stadium on Sunday , in a mosaic that has drawn numerous comments during the week : "" It 's normal to me , as it wo n't be the first time we have a mosaic with the ' senyera ' on it .",text_blog_13.txt,"(10718052, 10718380)"
71,draw,"Executive resume designs that have a little bit of a pop of color or conservative use of font treatment can draw the eye and make the hiring manager 's mind say , "" Wow , this one 's a little different "" and inspires them to read further .",text_blog_13.txt,"(17055389, 17055629)"
72,draws,"<p> Long story short , I came across a woman who draws pictures of babies , living and not . I originally found her through an on-line contest , but I sent her an email because I want one anyway .",text_blog_14.txt,"(3560016, 3560213)"
73,drawn,"<p> For one night , drop your relations , your work and leisure activities , and all your usual motives for movement and action , and let yourself be drawn by the attractions of the chase and the encounters you find there .",text_blog_14.txt,"(3831447, 3831671)"
74,draws,"I urge everyone to contact NYPD AND Bloomberg and demand the fucker be fired instead . He draws $154K annual salary , so his pension benefits , etc.",text_blog_14.txt,"(12111381, 12111530)"
75,drew,"<p> The Tommies would strike first in the first minute of the second quarter following a 31-yard fake field goal attempt by holder Kyler Anderson . On the play , Anderson drew a 15-yard penalty , extending the drive . Two plays later , Braddock punched in off left tackle to give the Tommies a 7-0 lead with 14:21 left in the half .",text_blog_14.txt,"(20982821, 20983154)"
76,drawn,"This has been extensively documented by historians and Senator Jim Webb has spoken very eloquently about this . <p> The real battle lines are not drawn by race -- they are drawn by class/wealth and in that battle it is absolutely crucial to keep MEN weak and ineffectual , no matter their race .",text_blog_15.txt,"(754826, 755122)"
77,draws,In politics it is best to let it lay in its sheath and conduct an honest debate with an informed public as judge.But if your opponent draws a weapon it would be suicidal NOT to draw yours or know how to use it .,text_blog_15.txt,"(2574035, 2574247)"
78,drew,"But yet , when Pope Benedictus the XII contacted him and asked him to send a painting representative of his skill in order to come to Rome and paint for the Roman Catholic Church , Giotto only drew a beautiful and simple circle and sent that back by messenger to the Pope .",text_blog_15.txt,"(19196225, 19196499)"
79,drawing,"why do nt you guys in the mission all start interfering with police work and then see how fast they respond next time theres a gun-wielding crazy on your sidewalk . they'l probably be drawing straws to see who will go bc they are more afraid of the white pussy mob <p> Until someone you know well gets beaten up by police , you usually ca n't believe this could happen without cause .",text_blog_15.txt,"(20592349, 20592734)"
80,draw,Maybe resistance is futile . <p> My mirrorshades will simply draw your eyes where your mirrorshades are . The can have those 2D barcode things on them to make it easier to get the correct identity and orientation and scale .,text_blog_16.txt,"(2144693, 2144918)"
81,draw,"( Yes , I acknowledge there are many government workers putting in a solid hour 's work for a solid hour 's wages , but we all know there are millions who draw salaries hugely disproportionate to their value -- those are the "" something for nothing "" people who vote and get others to ) .",text_blog_16.txt,"(8450309, 8450598)"
82,draw,The question is whether philosophers can legitimately draw such conclusions from philosophical intuitions such as the reality of free will .,text_blog_17.txt,"(4825384, 4825525)"
83,draws,"<p> Deficit spending is a problem for Dems and the GOP , but the record seems to be that it 's only a GOP concern when it 's Dems , and not the GOP , that control it . <p> Just because a soldier draws a paycheck from a installation in a red state , does n't mean 100% of his income goes to the red state .",text_blog_17.txt,"(17998063, 17998369)"
84,draw,"If that corridor was instead LRT , it would easily draw 45,000 patrons today , simply because more people , who otherwise drive , prefer rail over bus .",text_blog_18.txt,"(7263923, 7264076)"
85,draw,"People are doing horrible things for - what , the right reasons ? <p> "" Where do you draw the line ? What would you do to save your country when all it took was to torture someone using the wrong means ?",text_blog_19.txt,"(377390, 377594)"
86,draw,"So the other option was to not have diplomatic relations with any muslim country . That would also draw protests . In that milieu , to have Power is to exercise power .",text_blog_19.txt,"(7631681, 7631850)"
87,draw,"For example , early in The End of Faith , Sam Harris says : <p> Of course , people of faith fall on a continuum : some draw solace and inspiration from a specific spiritual tradition , and yet remain fully committed to tolerance and diversity , while others would burn the earth to cinders if it would put an end to heresy .",text_blog_19.txt,"(13083190, 13083515)"
88,drawn,"For it was Oprah 's inking of a deal with Jenny McCarthy to develop a number of media efforts , including one of the most inane blogs I 've ever seen and a television show , that has drawn the attention of the mainstream media to Oprah 's promotion of quackery .",text_blog_21.txt,"(6424968, 6425231)"
89,drawn,Read the comments ! <p> I feel fortunate that this article has drawn so many people who are willing to see beyond the hate and the necessity for peace .,text_blog_21.txt,"(10676470, 10676623)"
90,draw,""" I 'm going back to my community to host a dialogue OUTSIDE of council chambers , where they can draw ideas on paper and think out loud , and look at each other .",text_blog_22.txt,"(583120, 583284)"
91,drawing,"In my best church whisper I asked , "" What are you drawing ? "" He looked at me as though I was being particularly dull and said , "" Noah 's ark .",text_blog_22.txt,"(19426127, 19426273)"
92,drawn,"<p> There is so much more , of course , but these broad considerations I think are helpful to keep @@5191668 <p> The Irish 's All-American linebacker , Manti Te'o , has drawn most of the headlines with his play this season , but the Notre Dame defense will be bringing much more than just Te'o to Norman on Saturday night .",text_blog_23.txt,"(17199226, 17199551)"
93,drawn,"By doing this , according to Webshot stats , I have drawn over 55,000 hits to your website . Now I can not upload , download , or use this site for my business .",text_blog_24.txt,"(11987110, 11987272)"
94,draws,"<p> Conversation Social manners <p> This particular service involve a few areas -the launch , the key dialog along with the destroyed . Any time a loudspeaker draws the interest rate with the area they must primary make a couple of paragraphs about who they are in addition to why these are vital that you their bride-to-be and groom .",text_blog_24.txt,"(13757725, 13758061)"
95,drew,"Once I had all the cuts made , I brought the pieces inside to assemble it on the work bench . <p> This was where the rough plan that I drew out was put to the test and did n't quite work out the way I had drawn out , So , I came up with a new one !",text_blog_25.txt,"(9483769, 9484018)"
96,drew,Jenkins is the only one getting pentetration in the back field . G.smith or ray drew needs to finally step it up . everybody will be back for this game .,text_blog_26.txt,"(586501, 586655)"
97,drawn,"a political billboard featuring the picture of a candidate , upon whom someone had drawn a mustache . <p> I love the noise and clutter of campaigns .",text_blog_28.txt,"(8550567, 8550717)"
98,drew,"Kubert and Kanigher -- a dreamteam that chronicled the nightmares of war . Kubert drew the best anti-war comics . But they only looked like war comics on the surface , they were much more .",text_blog_28.txt,"(20510745, 20510935)"
99,drawing,"Colorado 's Proposition 103 , which would have marginally raised state income and sales taxes to fund education , was drawing roughly 35 percent support in the hours after polls closed .",text_blog_29.txt,"(6702654, 6702841)"
100,drawn,""" <p> In his loss to Falla , at least , Christian exhibited little of the volatile temper for which his brother has drawn criticism ; Ryan threw his racket and spiked a ball in anger in his first-round loss Sunday .",text_blog_29.txt,"(10261763, 10261979)"
101,draw,And his team is very well run . And they win . But they ca n't draw fans in Florida either . <p> Good point about every team using the Marlin franchise as a model .,text_blog_29.txt,"(11276453, 11276618)"
102,draw,"You need to look up at the TV when your car enters a tunnel , which is kind of distracting . Yoshi 's Fruit Cart has players draw a path for Yoshi to gobble up fruit and reach an exit , but you can only see fruit on the TV .",text_blog_29.txt,"(15371284, 15371509)"
103,drew,"Outside posts are n't a death knell and can be an advantage depending on the running style of horse on the inside . Case in point : California Flag drew the rail and ran 26 fewer feet than Mizdirection but had to contend with half the field collapsing on him as the field entered the big , sweeping left-hand turn .",text_blog_32.txt,"(15987200, 15987516)"
104,draw,"Raise the penalty amounts , so that violators do n't snort through their noses at the prospect of shelling out a few thousand bucks as their wells draw many barrels and cubic feet of valuable commodities worth many times that .",text_blog_32.txt,"(19724384, 19724612)"
105,drew,"Those three drivers , coupled with the two fastest qualifiers ( Matt Cox and Tommy Lemons , Jr. ) made up the Dash for Cash race . Yarbrough drew the pole out of the five-car sprint , and when the green flag dropped it was clear he was ready for Sunday .",text_blog_34.txt,"(7773623, 7773878)"
106,draw,"and I knew how from the crystalline shadows reaching into the weary light you could draw forth the figure of a man , a darkness moving first amid a darkness and then into light , and how the shape of his body , the bend of his arms as they rise to sink a pole that will push his boat free of grass , could evoke a memory that was finer than any memory in any life actually lived , but which , for that fabulous and original moment , became a memory that was as deep as any other -- this figment , this lie -- and that would , maybe only for a second , sustain the weight of disorderly and sorrowing breath , of the life of the one who perceived it .",text_fic_1990.txt,"(15163733, 15164383)"
107,drew,"I recognized the kanji for "" bride . "" "" Oh yes , "" I said . I drew a circle around the word . "" And you 've got this , "" I said .",text_fic_1990.txt,"(15649691, 15649822)"
108,drawn,""" Oblivious to the fact that he 'd shaken two attractive amateurs from the mosquito nets of drowsiness and reversed an outside observer 's decision to go to the men 's room for a toke of marijuana , Bunny continued : "" Science knows that the disappearance of dinosaurs and the appearance of flowers occurred simultaneously , yet , strangely , it has never drawn much of a connection between the two events . It is up to perfumers to correct the oversight .",text_fic_1990.txt,"(18935158, 18935615)"
109,draws,"Gently , Molly takes Sam 's arm and guides him to his feet . Effortlessly , she draws him to the center of the huge loft . With great tenderness , she puts her arms around him and before he knows what is happening , they are dancing .",text_fic_1990.txt,"(19730424, 19730659)"
110,drew,""" Every night that he could Marlen went into town , where , forty pounds slimmer and in a new set of clothes , he for a time consistently drew double takes . He went to dances , he went to bars .",text_fic_1991.txt,"(728746, 728942)"
111,drew,""" Congratulations . "" Nick had the grace to look embarrassed ; he drew her hand through his arm and said , "" It 's getting cold , we should turn back now .",text_fic_1991.txt,"(11608756, 11608912)"
112,DREW,"# DREW # ( imitating an announcer ) Presenting , the greatest fighter in the history of the Shaolin temple ... Drew Carson ! Drew holds his broom over his head , nodding his head to the imaginary crowd .",text_fic_1991.txt,"(19873110, 19873314)"
113,DREW,"He brings her hand up to his lips , and kisses it gently . # DREW # We 'll be there . INT . DORM ROOM NIGHT ESTABLISHING SHOT OF DORM ROOM , LI STANDING IN FRONT OF DREW , THE REST OF THE DISCIPLES GATHERED AROUND .",text_fic_1991.txt,"(19881088, 19881304)"
114,draws,<p> # HALLENBECK # What cop ? <p> CONTINUED : <p> Pablo draws his pistol . PUMPS TWO SHOTS into the unconscious cop in the corner .,text_fic_1991.txt,"(21318118, 21318250)"
115,draws,She has n't slept in twenty-four hours and she seems to have the weight of the whole world on her shoulder . She draws her knife from its belt sheath . Idly starts to carve something on the table top .,text_fic_1991.txt,"(22423184, 22423386)"
116,drawing,""" We will not let you go alone . "" <p> She pushes her away . Sallah 's power is drawing her forward . <p> "" Edzia ! "" A cry is caught in my Tante 's throat .",text_fic_1992.txt,"(6805573, 6805731)"
117,draw,"Ask for Pieraccinni . He 's the one in charge . If you like , I can draw you a map ... "" By nightfall the Harpers once again were near the docks .",text_fic_1992.txt,"(13330061, 13330208)"
118,draws,"It 's : Selina Kyle , dramatically dressed as ... Selina Kyle . She draws the same sour looks as Bruce did . And ignores them , as Bruce did .",text_fic_1992.txt,"(18610152, 18610295)"
119,drew,""" Then , to Christopher 's great astonishment and delight , he drew him close and kissed him on the mouth . There remained one final task before he could go home ;",text_fic_1993.txt,"(8848718, 8848882)"
120,drew,"From the center of the circle where the dogs had hemmed it in , the hart struck out at its tormenters with golden hooves . Galt drew his horse up beside hers and , drawing an arrow from his own quiver , fitted it in her bow .",text_fic_1993.txt,"(10754976, 10755202)"
121,drew,"It rolled , then bounced with a dull clank down the well steps . In the quiet , Tancey drew back her hand and slapped Caidrun 's cheek , hard .",text_fic_1993.txt,"(11498517, 11498661)"
122,drew,<p> Paul Cadmus delineated vast <p> Numbers of lads in the past . <p> He drew quite a tonnage <p> Of boys in their nonage . <p> Jon Anderssen looks like he 'll last .,text_fic_1994.txt,"(3970649, 3970816)"
123,draws,"Parker walks away . His face sweats more , his body stiffens . He draws the attention of a GUARD . Mr. Parker walks behind one of the PILLARS as he heads for the exit .",text_fic_1994.txt,"(17753689, 17753858)"
124,draws,"# KATE # So , you 're saying you think I should call him . He draws a beer . # BARTENDER # He is your husband , no ? # KATE # Yes , but .",text_fic_1994.txt,"(18794652, 18794790)"
125,drew,"He was a family man , with daughters of his own . He knew the young nurse who had been raped . He drew the sheet back over the third body and began to peel off his gloves .",text_fic_1994.txt,"(20605879, 20606052)"
126,draws,her words explode with rapid kisses into his ears . She draws him by the hand from the dusty green-steel cabinet whose door has swung open .,text_fic_1995.txt,"(2541595, 2541736)"
127,drew,"Robert Stratton , responding to my dressed-up state , drew my chair out for me . He waited a moment to start serving the plates , as Maida was not present but could be heard descending the stairs .",text_fic_1995.txt,"(6807099, 6807297)"
128,drawing,"Now , as he grunted past sixty bent-knee sit-ups on the way to seventy-five , he found he was drawing strength from his consuming dislike for Albert Dickinson .",text_fic_1995.txt,"(17705356, 17705517)"
129,draws,"<p> BACK TO SCENE <p> The rhesus falls asleep . Izzy draws blood as a Jeep carrying Ford pulls up , followed by an Army truck .",text_fic_1995.txt,"(20970201, 20970329)"
130,drew,""" <p> "" Inglis too is full of metaphors about controlling hands , "" she said gently , letting go . "" But I 'll grant you them . "" <p> She drew him slowly toward her by his arms . His nose filled with her scent of milk and petals , and he thought suddenly of innocence as the river understood it , the cycle of life and death that nature wrote .",text_fic_1996.txt,"(7002370, 7002715)"
131,draws,They 're not stupid - they understand it 's potential . They plan to give it to the tribes - He draws an arrow from the molecule to a bow-legged stick figure of a man .,text_fic_1996.txt,"(19461531, 19461700)"
132,drew,"Rudolph had always been too serious for some people . It was the thing , strange to say , that drew her to him , this crimped-browed tendency in Rudolph to listen with every atom of his life to Reverend Merrill 's reading from Ecclesiastes 9:10 : "" Whatsoever thy hand findeth to do , do it with all thy might .",text_fic_1997.txt,"(1998270, 1998582)"
133,drew,"That 'll make the bulb glow dimmer . "" She stuck out her tongue and bit it as she drew carbon ribbons of circuits . "" The third button will turn on a line with two twenty-two-ohm resistors soldered together in series , and the bulb will glow dimmer .",text_fic_1997.txt,"(8207816, 8208067)"
134,draws,"He asked me the proper direction to pull a razor over one 's whiskers , whether it 's preferable to go with the grain of the beard or against it . I said that for the best shave one draws the razor against the beard 's grain after first wetting the hairs with scented water .",text_fic_1997.txt,"(12286754, 12287030)"
135,drew,"<p> Having presented Leo with these facts , Knudsen drew a sober face . "" By God , "" he said .. "" Do n't I wish I could make this trip with you boys ?",text_fic_1997.txt,"(13239532, 13239683)"
136,drew,""" "" Call it what you will , "" said Gazian . "" This is my desire . "" Alaric drew another chord from the lute . "" You overwhelm me , my lord .",text_fic_1998.txt,"(317199, 317340)"
137,drew,"He folded the sheet too , and put it together with the other one in the box . <p> He drew blood from Bruno 's forearm into a little vial . <p> "" We should know in a week what it is .",text_fic_1998.txt,"(8253892, 8254075)"
138,draws,. and get the hell outta here ... okay ? Pantucci draws his strength from Finnegan . He forces himself to take a deep breath .,text_fic_1998.txt,"(18236980, 18237106)"
139,drew,"The R2C were incapable of experiencing horror or dismay , but they drew the logical conclusions . They studied the available records of previous attempts upon Hellworld , and tried a periodic alteration of its weather .",text_fic_1999.txt,"(1963999, 1964219)"
140,drawing,""" He nodded sharply . "" Action ! "" They sat up , each drawing its tail undeneath and its glide-skins tight against itself .",text_fic_1999.txt,"(6651208, 6651332)"
141,draw,"Which war was headed for a spike , a crisis that would draw American diplomatic involvement or , even better , armed intervention ?",text_fic_1999.txt,"(8723453, 8723585)"
142,drew,"She let her eyes trail over the bead-board paneling , a white gone gray , a pale silver morning tending toward clouds . <p> Janie drew the coverlet up to her chin -- and sat bolt upright .",text_fic_1999.txt,"(10745927, 10746116)"
143,drawn,"In the normal course of events , seeing an angry man heading for his lord , the soldier would have drawn his sword and prepared to dispatch the man to the mercies of the Savior .",text_fic_1999.txt,"(12058152, 12058331)"
144,draw,"<p> You folks had a graph , did n't you , Maurice ? Would you please draw it for us ? <p> Maurice . OK <p> He 's shy , but he 's doing it .",text_fic_2000.txt,"(7180659, 7180799)"
145,draws,"She wants it back . He glances at his watch . She draws RINGS around the Wings , uniting them . She gives the box to the Driver , then hands him a cup of coffee .",text_fic_2000.txt,"(18667830, 18667993)"
146,draws,"Writhing bodies , human suffering , a hellish miasma that draws us in until we turn our heads away , released . CUT TO : EXT .",text_fic_2000.txt,"(19416011, 19416138)"
147,drew,"Nonchalantly , he had reached for his wallet and opened it . One by one he drew out four of the thousand-dollar bills and laid them down on the desk in front of the salesman .",text_fic_2000.txt,"(21105700, 21105876)"
148,drawing,"In class , he made certain she could see what he was drawing . Becky : That 's very nice . Can you draw a man ? Tom : Sure I can .",text_fic_2001.txt,"(2728055, 2728186)"
149,draw,Children 's bad taste in cinema made it possible for him to draw a weekly salary . So he began to warm to the idea of dancing .,text_fic_2001.txt,"(10271937, 10272065)"
150,drew,They looked into your sinful soul . There was a blackboard on which he drew diagrams and wrote key words . He said that during the station break his guardian angel erased the blackboard .,text_fic_2001.txt,"(16979755, 16979943)"
151,draw,"If he made it a formal tour of the ship , it might draw out his traitor . When he opened the door , he saw another one cracked open down the corridor .",text_fic_2002.txt,"(5678421, 5678573)"
152,draw,"I run my fingers over its corners and think about Carries hair , and the way the Gap smells , and all the other little things that make me feel good . Sometimes I feel so good that I draw sketches ; late at night under my desk lamp those colored-pencil evening gowns seem even more beautiful than the real thing .",text_fic_2002.txt,"(7867620, 7867934)"
153,draws,"Sorry . "" Sorry-her voice comes back to her . She draws her hair from her eyes , lets it fall over her shoulder .",text_fic_2003.txt,"(4558981, 4559095)"
154,draw,"A slightly harder push on the tip of that incisor would draw blood from her finger . Pulling away her hand , she signed to him .",text_fic_2003.txt,"(5902643, 5902772)"
155,drew,"Soldiers , obviously . I suppose they 're drilling , I thought , and I drew nearer , together with a blacksmith in a greasy sheepskin and apron , who was carrying something and walking in front of me .",text_fic_2003.txt,"(11880671, 11880873)"
156,drew,""" <p> "" Sure . "" <p> Her fingertips touched his palm as she drew it away . <p> "" It still-exists ? "" Overenunciating , working her jaw around .",text_fic_2004.txt,"(3108077, 3108221)"
157,drawn,"But the illustrations leaped through her pupils and plummeted toward her heart ; she could have drawn a graph of the trajectory . There was a painting of an American main street , its two sides converging .",text_fic_2004.txt,"(3731396, 3731603)"
158,drew,""" "" And who protects you ? "" With a smooth swift motion , the man in black drew a dagger and sent it at Kedrigern . It described a loop and returned to a position directly before his breastbone .",text_fic_2004.txt,"(5456402, 5456598)"
159,drew,"He reached for the dead wildebeest 's tibia , snapped it in half , and used the broken end to mark an inscription in the dried lifeless clay of Olduvai Gorge . While Julie Anne watched , he drew a number approaching the trillions . "" You 've been here that many years ?",text_fic_2004.txt,"(6593859, 6594129)"
160,draw,"Above all , they were animate , they were never inert , they had lives and impulses and trajectories all their own , and they swept me away on their unpredictable courses whenever I found myself plunged into poetry or the Bible or a hymn . <p> What words then can I draw upon to express the wonder and the force of my greatest and proudest acquisition at that time ?",text_fic_2004.txt,"(14793411, 14793778)"
161,drew,"This being Palm Beach I immediately jumped to the conclusion that Joey belonged to Vivian and Holga was trying to make some points that had nothing to do with tennis . Ho-hum and pardon my lack of interest . Later I drew an all-male foursome and was paired with Lance Talbot , a young man of sudden great wealth , due to his maternal grandmother 's demise .",text_fic_2004.txt,"(17081770, 17082128)"
162,draw,"I knew I should remain neutral until I had sufficient facts to allow me to draw a proper , objective conclusion , yet neutrality was not coming easily for me .",text_fic_2005.txt,"(2332113, 2332273)"
163,drew,"Because there had been some new mischief from my beloved charges , I had to be escorted around the island by one of our military contingent . This time I drew the one guy who refused to believe that my rejection of his attentions was honest and final .",text_fic_2005.txt,"(5346011, 5346264)"
164,drawn,"I used to draw pictures of the musicians , of the scenery , of things in my head . On that day I had drawn a picture of her . She liked it so I gave it to her .",text_fic_2005.txt,"(6980878, 6981039)"
165,drew,"Every time I tried I had to come back because the pain drew me . You know the story , the legend . "" "" Yes , "" I said .",text_fic_2005.txt,"(6986053, 6986173)"
166,drew,"One time when he did it alone : stopped at the Poets Corner and read the lines and dates , sat in one of the pews in back , let his mind roam , thought about things , wrote notes in his memo book about something he was working on or could or should , with the same pen drew a few sketches on the mostly blank front pages of the novel he was carrying of people sitting and praying and walking past .",text_fic_2005.txt,"(9540041, 9540440)"
167,drew,"They 'd started out with maybe fifty members during the first six months , increased to just over a hundred the first year , and now they were easily five hundred strong . Curtis had built a well-known ministry that drew people in , but it certainly had n't hurt when another local pastor had retired and some of those members had sought a new church home .",text_fic_2005.txt,"(16169876, 16170234)"
168,draws,"<p> RA 'S AL GHUL You took my advice about theatricality a bit literally , do n't you think ? <p> He draws his sword from his cane . Batman LUNGES at Ra 's , who SWINGS his sword at him- Batman PARRIES with his gauntlet , SPARKS striking off the metal scallops .",text_fic_2005.txt,"(20808501, 20808764)"
169,draw,"<p> Kype lay very still , hoping that Nell would draw fish on him forever . <p> She said , "" You got to get your soul back in your head .",text_fic_2006.txt,"(15379931, 15380069)"
170,drew,"Reversing the blade , he passed it to Karatek while Streon restrained himself from leaping forward to confiscate it . Karatek drew his own blood , a sacrifice of life and water to match N'Keth 's .",text_fic_2006.txt,"(20405264, 20405462)"
171,drew,""" Suspiciously , she reached to take his hand . He drew her to her feet and draped an arm across her shoulder .",text_fic_2007.txt,"(7056434, 7056546)"
172,draw,"Without magic , we have no Contest . Without the Contest , what will draw tourists ? And how will I order fresh supplies from distant sources with no mage able to convey my requests ?",text_fic_2007.txt,"(11942671, 11942855)"
173,drew,"She drew an invisible line on his desk with her finger , trembling , and then the action turned loopy , and her face drew into her old sexy look that Theo knew so well , and he was fascinated by how he could follow her thought process with that one nervous finger , like she was a planchette , divining messages from a supernatural power .",text_fic_2007.txt,"(13628281, 13628621)"
174,draw,"He sensed the searching of her mind , the processing , the emotion . He hoped she would draw the conclusion he 'd already made . // Finally , she nodded .",text_fic_2008.txt,"(1258814, 1258969)"
175,draws,"// The Blue God draws an expectant breath , and fear draws patterns along my age-withered muscles . I wait for her with anticipation ;",text_fic_2008.txt,"(6194757, 6194892)"
176,drew,<p> ( Continues ... ) <p> @@4041100 One <p> <p> Keller drew his pair of tongs from his breast pocket and carefully lifted a stamp from its glassine envelope .,text_fic_2008.txt,"(20107741, 20107901)"
177,drew,"His face possessed an unnameable horror . And the person who drew the check is the very pink of the proprieties , a genuine good-doer .",text_fic_2008.txt,"(21792149, 21792285)"
178,drew,""" It 's more like a supply depot . "" He sighed . Sakera drew out a key of blackened iron and opened the fort 's gates .",text_fic_2009.txt,"(20156123, 20156243)"
179,drew,"Some worked at repairing the sacks , reinforcing them with saliva that they drew into threads with their mandible hands . These saliva weavers were smaller and grayer than the hunters , with fingers that ended in pads rather than claws .",text_fic_2009.txt,"(20258037, 20258275)"
180,drew,""" With her hand she made like a multi-legged creature crawling across the ground . Bugs . Pela drew a picture in snow . Ants . His head was full of ants .",text_fic_2009.txt,"(20936027, 20936182)"
181,drawn,"Marie reached out in an attempt to protect Kiki , and a long purple fingernail scratched Carter 's cheek . He touched his face ; she 'd drawn blood . "" Liars ! "" Kiki shouted , clutching the dress tightly to her chest .",text_fic_2010.txt,"(14639620, 14639840)"
182,drew,"A footman had pressed the note into Suzanne 's hand at the opera several hours before , in the midst of the third act of Idomeneo . Suzanne drew an uneven breath . When it came to her husband , Malcolm , the obvious explanation was generally not the correct one .",text_fic_2011.txt,"(4830814, 4831078)"
183,draw,"<p> Ragpicker , ragpicker , just stay low . <p> If you do n't draw attention they might let you go . <p> He hummed a few more bars , wondering if he had gotten past the predators .",text_fic_2011.txt,"(6615963, 6616144)"
184,drew,""" <p> The landlord beetled off to pull the pint . Douglas drew his pocket-watch from his waistcoat and flipped it open .",text_fic_2011.txt,"(9667340, 9667461)"
185,drew,"Stan 's chest wound was bubbling frothy blood , and wheezing sounds came from his mouth . <p> Jack drew a final gulp of air through his constricting windpipe and got a single word out of his mouth .",text_fic_2011.txt,"(10302294, 10302493)"
186,draws,""" <p> "" We 're practically on top of each other , Julia . "" <p> "" It draws us together . "" <p> "" Simon is surrounded by women .",text_fic_2011.txt,"(12372650, 12372778)"
187,drew,"He had to exploit every advantage . This was war . War , he understood . <p> He drew himself to his full height , which next to hers was substantial .",text_fic_2011.txt,"(13598590, 13598741)"
188,draw,"In broken English and using akind of sign language , she asks if Stella will draw her portrait so that shemight send it back to her family .",text_fic_2013.txt,"(331792, 331933)"
189,drew,"Believe it or not . "" # "" That makes no sense . He drew a lot more time than that , did n't he ? "" # "" Tell me about it .",text_fic_2013.txt,"(1535466, 1535588)"
190,drew,"Both of us were , like idiots . I tried but could n't get a grip . Marion drew my fingers farther into her mouth . 1 was delirious .",text_fic_2013.txt,"(17635952, 17636085)"
191,drew,"If you 're smart you 'll get out now before you start thinking like your knuckleheaded professors . "" For emphasis he drew the Bowie knife out of its scabbard and drove it into the table where all us bloodless imitators were seated , mute before the rising legend .",text_fic_2013.txt,"(20622376, 20622642)"
192,draws,""" "" I receive disability . My parents left me a modest stash which draws a little interest . I do n't need a lot . Why so difficult to understand ?",text_fic_2013.txt,"(21632629, 21632777)"
193,draws,"The temperature was in the seventies , perfect because it did nothing to draw attention to itself . But it draws my attention . He would talk to his students about Tolstoy , he concluded .",text_fic_2013.txt,"(22100661, 22100850)"
194,drew,"It should have been the last sight of my life . But just as Prescott drew his sword to skewer me , Slade handed the captain a jar of grey slime .",text_fic_2014.txt,"(14462066, 14462212)"
195,drew,""" Although the Covilles rode in a carriage , it was not as big as the Boothe 's and the horses that drew it were a mismatched lot : a white mare next to an ordinary chestnut and two brown geldings .",text_fic_2015.txt,"(2257058, 2257257)"
196,draw,"You grow to be eight feet tall and green , able to knock down tall buildings and speak Japanese . "" "" Does n't sound too bad . "" "" Most people draw the line at speaking Japanese . But not my brother .",text_fic_2015.txt,"(9901443, 9901644)"
197,draw,"The glittering sun limns the cracks around the shades over the bay windows , flooding the room as you draw them up . It 's a gorgeous day , you tell him idly , looking out .",text_fic_2015.txt,"(16277890, 16278064)"
198,draws,""" She accepts the bottle , plastic adhering to her tiny trembling hands as she draws a languorous sip of the warm liquid , clouds of my backwash floating there .",text_fic_2015.txt,"(21514443, 21514605)"
199,draw,"They 'd fight afterwards . Tug 's got fast hands so he 'd draw first blood . But despite his name , Tweety is solid , like a Sumo crossed with a Samoan .",text_fic_2015.txt,"(21807454, 21807608)"
200,drew,"Some people took their allotted time and became world-famous artists and had raucous affairs and still made a house so particular and grand that a replication drew crowds . # Out in the Peggy Guggenheim Rose Garden , coral and white and lemon and violet and scarlet petals sifted , hybrids someone had dreamt up , giddily named .",text_fic_2016.txt,"(9019382, 9019712)"
201,draws,"# The anthology is huge , its spine hard to miss - one of those tomes with Bible-thin parchment pages - but the poem is not lost in them . He draws his finger down the table of contents and finds it quickly , the only title with "" sex "" in it .",text_fic_2016.txt,"(10613257, 10613502)"
202,drew,""" # The residents stirred and milled about , livestock crammed in a pen . A blur at Evan 's side drew his attention - Peter crouching , his little fingers closing on Evan 's pant cuff , lifting it to reveal the curiously bare ankle .",text_fic_2017.txt,"(226570, 226804)"
203,draw,"# "" He insulted you , "" Marlowe disagreed , "" and he jumped on me . It was quite necessary . "" # "" You draw too much attention to yourself , "" Lopez went on . "" That dagger you wear , its filigreed hilt is too elaborate .",text_fic_2017.txt,"(2867058, 2867280)"
204,drew,""" Potter 's breath rasped in his throat , as if it had become as dry as a bone in the sun . # The African drew a metal flask from his cloak and handed it to the old man .",text_fic_2017.txt,"(9524376, 9524547)"
205,drew,"The poor boy raised his hood and shied away from the raised camera , but this only drew more attention from the rest of the news crew . # Abbot Timothy stepped forward to intervene , but was pushed aside and nearly fell in the process .",text_fic_2017.txt,"(10569678, 10569915)"
206,Drew,""" Her new story for us was inspired by the Japanese folktale , "" The Boy Who Drew Cats . "" # THE CAT IN THE PAINTING was dead , but it had once been alive .",text_fic_2017.txt,"(18562829, 18562986)"
207,drew,"His taste of power and magic had turned to ashes , and drawing was now nothing more than a harmless diversion . # But just to be on the safe side , he drew only cats . @@4199057 Headnote # Brazilian fabulist Paulo Coelho , who is well known , among his many other books , for the very short fiction collected in Stories for Parents , Children , and Grandchildren , has praised the internet for democratizing stories .",text_fic_2017.txt,"(18584779, 18585198)"
208,drawn,""" # They sat in the tiny room and stared at each other . Marie-Louise had drawn all their energy . Breaking the silence , Fritz said "" Come , we go for picnic with friends I have from when I was at University at Frieburg .",text_fic_2018.txt,"(1060497, 1060720)"
209,draw,"Of all the possible paths , he could n't but choose the one that would draw the pain away from his loved ones , from his people , even if he had to carry it all himself .",text_fic_2018.txt,"(18562610, 18562781)"
210,drew,"Luke drew the boat because he liked modes of transportation . Tom drew the lighthouse , which made sense , as he considered himself to be the savior to our family , the shining beacon who kept it all together .",text_fic_2019.txt,"(2108096, 2108307)"
211,drew,"If I was honest , I 'd admit it was the sound of June 's voice that drew me to her in the beginning , and what I heard was the promise of train wrecks .",text_fic_2019.txt,"(5302848, 5303001)"
212,draws,"It 's only these bad arrows that are to blame , "" he jokes . <p> That comment draws a laugh , as it is translated from Spanish to Ashaninka and passed from one villager to another , gathered in a row at creekside .",text_mag_1990.txt,"(2021033, 2021248)"
213,drew,He spent his time writing letters to his friends and to newspapers in Perigueux requesting pecuniary support for his endeavors . He also drew up a legal code similar to France 's and made plans for the future of his kingdom .,text_mag_1990.txt,"(17398598, 17398824)"
214,draw,"A rat ? A cockroach ? Where does the animal-rights mob draw the line ? "" <p> In fact , anti-hunting activists are n't the only ones who object to taking animal life .",text_mag_1990.txt,"(22772528, 22772695)"
215,draws,"To the drug-dependent who are now Marks-dependent , "" I 'm a patronizing , shithead quack , who controls their lives , "" the doctor says , smiling . But he draws boundaries within the relationship , refusing to let himself or his staff become complicit in drug crimes .",text_mag_1991.txt,"(1747968, 1748238)"
216,draws,Key battlegrounds : Native Americans and industry debate the social costs of protecting the dwindling runs of Pacific salmon that spawn in the Columbia River A federal proposal for 500 units of overnight housing in Mt . Hood National Forest draws opposition from outdoor advocates in Oregon . Ranchers are under fire from environmentalists who say livestock has stripped public land of vegetation and damaged sensitive ecosystems .,text_mag_1991.txt,"(9493213, 9493645)"
217,draws,"It was said of Alajalov that , "" As a satirist he paints , quite kindly , what in words would be too cruel to say . As an artist in his genre , what he really draws are conclusions . "" From 1945 to 1962 , Constantin Alajalov illustrated 73 covers for The Saturday Evening Post .",text_mag_1991.txt,"(12422593, 12422872)"
218,draw,"<p> Researchers hope these promising results will draw more BDD sufferers out of the shadows . "" These people are enduring a living hell , ' says Hollander .",text_mag_1991.txt,"(14868219, 14868377)"
219,draw,"One of the nice things about peeling logs is that you get a quick return on your investment of energy . Each time you draw that sharp blade to you , a slice of brown , scaly bark falls to the ground .",text_mag_1992.txt,"(2054021, 2054222)"
220,drew,"<p> DEMONSTRATION : ZANTEDESCHIA <p> PHOTO ( COLOR ) : Step 1 . Once the base color had been applied , Sasaki drew the flower 's contour and then painted in the shape , using zinc white oil color mixed with a little cobalt drier .",text_mag_1992.txt,"(8788463, 8788694)"
221,drawn,"Direct effects of insulin on magnesium metabolism and transport have also been described . Clinical trial results , though limited , have drawn attention to the potential benefits of magnesium replenishment .",text_mag_1992.txt,"(15831867, 15832076)"
222,drew,"<p> @@2036238 One spring day in 1929 , 13-year-old Yi Nianhua disobeyed her grandfather . Up in the loft , with brush and ink , she drew intricate blossoms across the top border of a white fan .",text_mag_1992.txt,"(17274352, 17274548)"
223,drawing,"The movement toward west European integration has also provoked a nationalist backlash in some countries . France 's Le Pen lately has been drawing cheers by sneering at unity-advocating "" federasts .",text_mag_1992.txt,"(24820103, 24820304)"
224,drew,"Certainly I did not feel that there was anything to celebrate , and I was not sure then , nor am I now , that I had learned anything except that human beings can not escape the instinct in their hearts , and that anyone who hunts within the grip of obsession has traveled very near to those who drew pictographs on cave walls . Now it 's all gone but the instinct .",text_mag_1993.txt,"(1088809, 1089175)"
225,draw,"As you know , Clinton endured the blitzkrieg of last year 's election campaign with a doggedness that prompted at least one columnist ( in the Washington Times ) to compare him favorably to a rhinoceros . I 'm not suggesting that we draw too strict a parallel between the barrage of questions about Gennifer Flowers and the bombing of Baghdad , but in Hussein 's capacity for survival Clinton may recognize a kindred virtue or talent .",text_mag_1993.txt,"(5408569, 5409005)"
226,draws,""" It 's becoming harder and harder to make a buck selling hardware , "" he explains . He draws a telling analogy to another industry : "" No fax manufacturer in the world makes money , "" he says , but fax has been a windfall for the phone companies , which charge for the calls .",text_mag_1993.txt,"(6917422, 6917700)"
227,draw,"' I could take a photograph , but it would n't be the same . It 's just more exciting for me to draw it . "" <p> He buys 55-lb Utrecht regular-surface sketchbooks , twenty-four at a time , and fills them with sensitively rendered drawings of people , farm animals , buildings -- any object or shape he wants to study .",text_mag_1993.txt,"(10446672, 10446990)"
228,drew,"The first , and aLnost unprecedented step , was to patent the Teeny Nympha move that drew immediate criticism , and in a few cases , outright hostility fiom the fly-tishing world Up to that time , y patterns were by unspoln agreement considered public property .",text_mag_1994.txt,"(535748, 536011)"
229,drew,"At a recent meeting of the American Association for the Advancement of Science , a symposium on religion and science drew standing-room-only crowds . As well , the Boston Theological Institute , a consortium of divinity schools in the Boston area , has launched The Center for Faith and Science Exchange , which invites distinguished scientists to speak on religious themes .",text_mag_1994.txt,"(7530680, 7531056)"
230,draws,"And , finally , he possessed charisma , that peculiar trait of personality so magnetic it draws a leader 's followers happily after him into the most desperate and stupid of predicaments , for which favor he earns their undying gratitude and devotion .",text_mag_1994.txt,"(20465111, 20465364)"
231,drew,"A computer search of major newspapers and national magazines turned up at least 29 articles over the past two years citing the study that ostensibly drew that conclusion . But the claim has no basis . <p> The "" 8 to 1 "" ratio originated with Myra and David Sadker , a husband and wife team of education professors at American University in Washington , D.",text_mag_1994.txt,"(21370179, 21370535)"
232,drawing,"But if you look closely at her sources , you find she is not doing original research ; she is drawing her "" facts "" from the claims of the same antifeminist men who , a few years ago , would have been the ones sitting in her seat on the talk shows .",text_mag_1995.txt,"(904459, 904709)"
233,draw,"Each shape has "" bearing "" to -- is physically part of -- the surface : this is a drawing , literally , of substance -- a drawing which is also perceived as an object . Brownlee 's intimately scaled weavings draw us close to the surface and then hold us captive by their combined material and graphic power .",text_mag_1995.txt,"(6874562, 6874871)"
234,drawn,"Third , be able to drop everything and go when called . "" <p> Pratt has drawn a number of well-known figures . She sketched New York City subway shooter Bernhard Goetz at his arraignment and , more recently , John Salvi , who was accused of killing two abortion-clinic workers .",text_mag_1995.txt,"(10830638, 10830917)"
235,drew,"But I was never in an art museum until I was a teenager . <p> "" Dad and Mom both drew a little , "" Stout continues , "" -- Gibson gifts and the like -- but that , and my oldest brother Jon 's interest in art , was enough to encourage me .",text_mag_1995.txt,"(10965022, 10965260)"
236,drew,"At first the Chinese people he met fled from Lieutenant Manch , but eventually he encountered a man who tried to identify him . <p> "" First , the man drew a Japanese flag , "" Lieutenant Manch said . "" I did n't know whether he wanted to know if I had bombed Japan or whether I was Japanese myself .",text_mag_1995.txt,"(18771755, 18772054)"
237,draw,"Preparations begin months ahead of time , and as the weeks draw nearer , activity in the marketplaces swells as the artifacts and foodstuffs known to please the dead are consumed by the living , thus feeding the economy as well .",text_mag_1995.txt,"(24426041, 24426271)"
238,draw,"Let that sense of space , possibility , and freedom draw you to the Heartland . Spend time exploring the federal lands on the plains and prairies and sample their abundance of fish and game .",text_mag_1996.txt,"(710930, 711122)"
239,drawn,"<p> Complementary colors appear opposite each other on the color wheel . In Figure 1 , notice that I have drawn lines across the wheel , linking one color to another , such as green to red .",text_mag_1996.txt,"(11946729, 11946920)"
240,drew,"Elbert Hubbard met Alice at a meeting of the East Aurora chapter of the Chautauqua Literary and Scientific Circle , and the Roycroft and Chautauqua drew inspiration from each other . <p> Head , Heart , and Hand , by Marie Via and Marjorie B.",text_mag_1996.txt,"(12960052, 12960294)"
241,draw,"Given her experience with actors , authors , and producers , you can only hope she 'll draw the reasonable conclusion and take up with a logger or truckdriver .",text_mag_1996.txt,"(13185087, 13185248)"
242,drew,"Two workers for the city 's Streets and Sanitation Department stopped their truck to leave a clutch of flowers . On a wall , someone drew three crosses and scrawled in chalk , THANK YOU JOSEPH .",text_mag_1996.txt,"(18640751, 18640946)"
243,draws,"<p> The exhibit called "" 500 Songs That Shaped Rock and Roll , "" maybe the world 's greatest jukebox , draws the most attention -- and it does n't even take quarters .",text_mag_1996.txt,"(20650161, 20650329)"
244,drew,"Selection Sunday turned into Black Sabbath for the two teams that drew virtually every vote for preseason No. 1 . First , Kansas saw its top seeding turn to rock chalk with a loss to Iowa State in the Big Eight final .",text_mag_1996.txt,"(23092428, 23092647)"
245,drew,"He gave me a drink from his water-gourd and , a little later , took me to his cottage in a fold of the plain . He drew his water-excellent water-from a very deep natural well above which he had constructed a primitive winch .",text_mag_1997.txt,"(4540336, 4540562)"
246,drew,"To that end the child , almost from the hour of birth , would be immersed in a world of military pageantry and martial mystique . Almost as he drew his first breath , he was enrolled as a grenadier and a few hours later was awarded the Legion d'Honneur .",text_mag_1998.txt,"(21500948, 21501203)"
247,drew,"Lincoln had found it difficult , but he 'd cut back on accent tile and a shelf and supply cabinet in the women 's bathroom , and he 'd put concrete in the storage room rather than nonskid flooring . He drew the line at toilet paper : It was going to be two-ply in the restrooms or else .",text_mag_1998.txt,"(22141161, 22141449)"
248,drew,""" The conference , held December 16-17,1998 , in Washington , D.C. , drew over 100 participants . Chaired by Society Treasurer Kenneth W.",text_mag_1999.txt,"(10339578, 10339716)"
249,draws,"Do n't apply mascara or liner to bottom lashes . It only draws attention to the already-magnified undereye area , a notorious site of dark circles and puffiness .",text_mag_1999.txt,"(21048426, 21048589)"
250,drawn,"<p> PHOTO ( COLOR ) : Vertiginous green hills plunging to the sea remain the dramatic , defining elements of a rugged landscape that has drawn wanderers here since time beyond history . <p> ILLUSTRATION <p> by Robert Wernick <p> <p> Robert Wernick is based in Paris ;",text_mag_1999.txt,"(24096262, 24096530)"
251,draw,"He is most effective playing with a big receiver who can draw away coverage . The Jets added that receiver by signing 6 ' 3 "" , 193-pound Matthew Hatchette.",text_mag_2001.txt,"(160639, 160796)"
252,draws,"It 's placed over the clitoris , and its gentle sucking action draws blood to the area . Short-term , it enhances arousal .",text_mag_2001.txt,"(17074026, 17074150)"
253,draw,And do n't forget : Never leave your sled unattended . Photograph Musher Campers draw water after cutting a hole through two-foot-thick ice .,text_mag_2002.txt,"(1759469, 1759611)"
254,draws,"These white-tailed deer do some people-watching on the Salt Plains auto trail , below , left : Oklahoma 's Salt Plains National Wildlife Refuge draws its name from the wide , level salt flats that dominate the western half of the preserve .",text_mag_2003.txt,"(4925724, 4925965)"
255,draws,""" Why take a mate on a date ? Perhaps because nothing draws attention to your movie like a new companion . And stars do n't mate for life .",text_mag_2003.txt,"(25421455, 25421595)"
256,drawn,""" Golf is not even my game , "" says Tait , 40 , an avid climber who has drawn maps for National Geographic Traveler and Backpacker magazines .",text_mag_2004.txt,"(1335, 1478)"
257,draw,"We love Max Factor Everlites in Tender , $9.40. 30 You can draw attention to your lips by applying a cream shimmer on the V spot right over the center of your upper lip , reveals Harris .",text_mag_2004.txt,"(6639255, 6639443)"
258,draws,"<p> Before painting , Brown applies at least four coats of gesso . When the panel is prepared , he draws the image in basic earth colors and then blocks in midrange dark and light colors with opaque or semiopaque iron-oxide pigments .",text_mag_2004.txt,"(15074951, 15075186)"
259,drawn,"It is no accident that we are inundated with high-profile court cases against Black males and that a number of Black executives have been discharged under circumstances that would not have drawn a warning letter if they had been White . Everybody knows that White males , whether they are athletes , scholars , entertainers , whatever , also do dysfunctional things , but the cases we see on TV constantly are cases against Black men .",text_mag_2004.txt,"(15465936, 15466372)"
260,draws,"With progressive scanning , the scanner first creates and transmits a line from left to right ; then it draws the next line underneath , then the next , and so on , creating each frame in a single pass of sequentially drawn horizontal lines .",text_mag_2004.txt,"(22027234, 22027477)"
261,draws,"In short , everything you would ever want to know about country music and its cousins is here . <p> Outside hums the city that draws more than 10 million visitors a year , each surrounding block expressing its own character .",text_mag_2005.txt,"(15634880, 15635106)"
262,draw,"* On the days that pollen counts are high , keep your windows closed and avoid using fans that may draw pollen inside . If possible use air conditioning instead .",text_mag_2006.txt,"(9194640, 9194803)"
263,draw,"You can draw a calculator and solve math problems , or draw drums and a keyboard and play your own tunes . It comes with gaming software and a scheduler to remind you of your appointments .",text_mag_2006.txt,"(12704826, 12705016)"
264,drew,"His brother John , vice chairman of a subsidiary , drew the same . Eleven of the brothers ' children were paid a total $206,000 in "" consulting "" fees last year .",text_mag_2006.txt,"(16071549, 16071712)"
265,drawing,"Here 's the kicker , though : The power difference between suspend , hibernate and off is negligible . In fact , anytime your PC is plugged in , it is drawing at least a small amount of power . The difference between S3 and S4 can be as low as a watt or two , and the difference between S4 and S5 can be as little as half a watt .",text_mag_2006.txt,"(19149570, 19149901)"
266,DREW,// <p> @@2040256 Headnote An Interview With Dennis Leder // WHAT DREW YOU to Guatemala ? It happened in a roundabout way .,text_mag_2007.txt,"(97800, 97924)"
267,drew,"Last fall , Cindy joined the wives of other presidential candidates , including Michelle Obama and Elizabeth Edwards , at a forum about life as a prospective First Lady . Asked where they drew the line on matters of privacy , Edwards said she expected her life to be an open book .",text_mag_2008.txt,"(12980230, 12980512)"
268,drew,""" For our new ' Mae ' wash , "" explains Earnest Sewn designer and founder Scott Morrison , "" we drew inspiration from a vintage garment we found at the Rose Bowl Flea Market .",text_mag_2008.txt,"(18937437, 18937613)"
269,draws,"It 's very important that we remember Waterloo as a coalition battle , an Allied victory What draws you to the world 's great battlefields ? Every year I will be tour guide on eight or 10 tours .",text_mag_2008.txt,"(21623733, 21623929)"
270,draws,"And whenever you mark a video as a favorite , the application automatically adds a link to the video to your profile feed . @@4051564 Sometimes a relatively short article draws vehement responses . Such was the case with a brief piece on dealing with e-mail while driving .",text_mag_2009.txt,"(5178151, 5178426)"
271,draws,"In short , the desire for God comes from God . It 's a primary way that God draws people to the divine . Still not convinced ? Here are the most common Avays that our holy desires reveal themselves in daily life .",text_mag_2010.txt,"(19992274, 19992488)"
272,draw,"Since few of us drive around with the throttle wide open -- lest we draw unwanted attention -- the engine is forced to draw air through a partially closed butterfly valve , which creates a vacuum in the intake manifold .",text_mag_2011.txt,"(5744709, 5744930)"
273,draw,"WORK : When deadlines cause tempers to flare , your calming spirit sets the tone for others . MONEY : Be ready : A salary increase may draw haters . INSPIRATION : Your limitations are a figment of your imagination .",text_mag_2011.txt,"(9710513, 9710729)"
274,drawing,"The following day I met Dr. Larisa Perezhogina , who would be drawing blood from my arm , extracting its plasma , which is loaded with growth factor-rich platelets , and injecting that back into my face , neck , and hands .",text_mag_2011.txt,"(18975928, 18976152)"
275,drew,"It has become familiar to the point of banality When Leonardo drew it , however , he was at work on something new : the attempt to illustrate the idea , set down by Vitruvius in the Tin Books , that the human body can be made to fit inside a circle and a square .",text_mag_2012.txt,"(7612479, 7612743)"
276,draws, @@4112742 A veteran hunter and nature writer shares his belief that traditional hunting draws us closer to nature and is a physical and intellectual challenge that fulfills one of our fundamental instincts .,text_mag_2012.txt,"(10600009, 10600218)"
277,draw,"An arrow that 's too short will drop offthe rest when you draw the bow , potentially sticking its point into tender flesh or shattering the shaftwhen you release the string .",text_mag_2012.txt,"(11677936, 11678111)"
278,drew,Like <p> Kiki Gomez That happened to my sister in fourth grade ! This other girl drew on all the bathroom stalls and told teachers my sister did it !,text_mag_2012.txt,"(12259675, 12259825)"
279,drawn,"Edgar Hoover and FDR allowing the warrantless wiretapping of suspected spies . The program had drawn public criticism , and the attorney general warned Roosevelt that Congress and the Supreme Court had big problems with it .",text_mag_2013.txt,"(13407376, 13407601)"
280,drew,# 2 His smile had the glint of a pirate with treasure in the hull . There was a profound sadness about him that drew me in. 3 You really can ' t fault women for being irrational .,text_mag_2013.txt,"(16362868, 16363048)"
281,draws,""" # The class starts with centering time and an introduction and ends with guided meditation and prayer . Running about 90 minutes , the class typically draws six to 12 people . The parishes that currently offer prayer yoga see it as a ministry rather than just a space to host a yoga class.",text_mag_2013.txt,"(22543590, 22543882)"
282,drawing,""" I think these individuals have a bias toward what they believe to be happening , "" Emery says . "" They 're drawing conclusions that support that bias . Have you ever heard of the Texas sharpshooter ?",text_mag_2014.txt,"(17099272, 17099474)"
283,draws,""" This Francis hardly resembles the "" pop-culture icon of a pure and saintly youth who gave up wealth for the simple life . "" Matsler draws a more realistic picture based on early and recent biographies of Francis .",text_mag_2015.txt,"(1133431, 1133647)"
284,DREW,"7 # Spin rate rpm 3,274 # Total distance yards 241 # DREW ISAACMAN # Handicap 3 # Age 48 # Height 5 ? 10 ? # Weight 170 lbs .",text_mag_2015.txt,"(6140617, 6140742)"
285,draw,"# Hester Young # The Gates of Evangeline # NOVEL # Secrets and lies , danger and romanceit all lies ahead for Charlotte , a New York journalist who 's mourning her dead son and having terrible dreams that draw her to the Louisiana bayou where another child has disappeared .",text_mag_2015.txt,"(15825527, 15825802)"
286,drew,She answered questions from Mind Matters editor Gareth Cook . <p> What drew you to birds ? <p> I 've watched birds for most of my life .,text_mag_2016.txt,"(8831818, 8831955)"
287,draws,"<p> The lengthy period SAC has taken to sell off assets draws attention to what are called side pockets , which are hard-to-sell investments segregated in accounts .",text_mag_2016.txt,"(11721260, 11721426)"
288,draw,"just failing to show sufficient enthusiasm could draw others ' hostile attention . <p> About an hour before Trump would speak , a message broadcast over the PA system instructed crowd members not to touch any protestors they spotted .",text_mag_2016.txt,"(20296597, 20296832)"
289,draws,"<p> Along the way , there 's a pit-stop in a naughty district , where a guy named Jolly the Pimp ( a brassy Ethan Hawke ) draws back the curtain on a singer-dancer of shape-shifting talents ( Rihanna ) and , ultimately , a bad guy does emerge in the form of the top-dog military commander ( Clive Owen ) .",text_mag_2017.txt,"(3908132, 3908438)"
290,draw,"Yet she leaves the reader to puzzle over why . Does poetry 's compression and intensity draw such minds ? Or does the high value that poetry places on figurative language provide the allure , since it dovetails with the tendency of manic people 's speech to display what Jamison describes as "" flight of ideas "" ?",text_mag_2017.txt,"(21327772, 21328086)"
291,drawing,"<p> And even as it 's competing with all that other BuzzFeed content , it 's still drawing an audience . The company says BuzzFeed News stories receive 200 million pageviews each month , and that one third of BuzzFeed 's total audience reads news stories each month .",text_mag_2018.txt,"(42888, 43156)"
292,drew,"<p> The slayings of two young girls just hours apart drew a public outcry in Memphis , the Commercial Appeal reported .",text_mag_2018.txt,"(13143826, 13143946)"
293,draws,"<p> Which begs the question : Is Anderson 's sci-fi fantasy , one that takes place in a clearly fictional future-shocked world but that still draws on Japanese artwork , cinema and signifiers , a work of cultural appropriation ?",text_mag_2018.txt,"(16856126, 16856355)"
294,draws,"Take "" Talking Reality Television Blues , "" a tribute to Dylan ( see "" Talking John Birch Society Blues , "" "" Talking World War III Blues , "" etc. ) and Woody Guthrie before him that draws a line from Milton Berle 's Texaco Star Theatrethrough MTV , Fox News and The Apprentice , dissecting the talking blues trope along the way .",text_mag_2019.txt,"(1758189, 1758520)"
295,drew,"<p> The speech , which was followed moments later by a rebuttal from Senate Minority Leader Chuck Schumer and House Speaker Nancy Pelosi , drew seemingly deep lines in the sand while also emphasizing the importance of compromise .",text_mag_2019.txt,"(5049962, 5050193)"
296,drew,"And that is true about gender equality too . "" <p> His speech drew quick criticism , including Sarah Hanson-Young , Senator to South Australia .",text_mag_2019.txt,"(10215848, 10215993)"
297,drawing,""" <p> However , the actual law has nothing to do with neutrality , and the current campaign to reform it is drawing opposition from both conservative and progressive sources .",text_mag_2019.txt,"(24262205, 24262381)"
298,draws,"As the screen fills with images of African-American laborers , a narrator informs us that these workers are responding to a "" hereditary urge "" that draws them "" back to the plantation "" to perform hard manual work that naturally suits them .",text_news_1991.txt,"(6162807, 6163050)"
299,drew,<p> XX Chicago quarterback Jim McMahon set an unofficial Super Bowl record for most head bands worn . What was written on the head band that first drew the ire of Commissioner Pete Rozelle during the regular season ?,text_news_1991.txt,"(10572222, 10572439)"
300,drew,"CUTLINE : LIVING COLOUR : Singer Corey Glover , left with guitarist Vernon Reid , said the unusual lineup drew his band to Lollapalooza land . @@3026233 <p> In his first summer camp as Washington Redskins coach in 1971 , the late George Allen banned drinking water at practice .",text_news_1991.txt,"(12265569, 12265849)"
301,drawn,"<p> As the allies took an increasingly hard line on conditions for an Iraqi capitulation , British officials yesterday disclosed that London and Washington have drawn up a joint list of demands that Iraq must meet before the allies will grant a cease-fire .",text_news_1991.txt,"(14086978, 14087236)"
302,drew,""" <p> The game was broadcast in his home country , where citizens rejoiced and gave him a celebration when he visited this week . His return drew more attention in local papers than the ousting of Soviet President Mikhail Gorbachev .",text_news_1991.txt,"(16047882, 16048116)"
303,drew,"In Baltimore , where a man enraged by delays in getting food stamps drew a butcher knife and killed a receptionist last year , callers have since threatened to "" take out more of you social workers .",text_news_1992.txt,"(836669, 836869)"
304,draw,"He said that taking particles out of smoke stack emissions was relatively cheap , and some newer devices like "" bag houses , "" filter-lined bags like vacuum cleaner bags , now can draw as much as 99 percent of particles out of the air without companies having to expend great sums on catalytic converters .",text_news_1993.txt,"(1868028, 1868335)"
305,drew,"<p> The angle of elevation gradually increased . The ridges drew tighter , choking the creek bed with rents and boulders .",text_news_1993.txt,"(22377382, 22377505)"
306,draw,""" Has Andy won three NCAA championships like Summitt has ? We do n't draw six , seven-thousand people like they do . "" <p> "" I feel comfortable comparing our program to anybody we play , "" Landers said .",text_news_1994.txt,"(11776240, 11776444)"
307,drew,"And , the November 1991 Board of Education publication "" Creating Our Future Together , "" notes that among others , Spady 's work formed the research base that inspired the committee that developed the outcomes of significance . <p> In 1993 , when the county 's link to Spady drew much criticism , the Board of Education issued a totally contradictory statement in the July 27 board meeting minutes .",text_news_1994.txt,"(12080542, 12080943)"
308,drew,"Barons attendance is running 76 percent ahead of last year 's pace , when the eventual league champions drew 277,096 . Asked his reaction when Jordan inevitably will leave , president Bill Hardekopf admits , "" I 'll cry .",text_news_1994.txt,"(12384802, 12385024)"
309,draw,"<p> Charter schools a drain <p> Nevertheless , officials in other large districts have stated publicly that charter schools do drain money from the budget for regular schools . That 's because they draw students from throughout a district . Only one or two children will be drawn from any one classroom - not enough to reduce staff by an equivalent amount .",text_news_1994.txt,"(23030361, 23030719)"
310,drew,""" <p> In its second year at Milton , "" Wacky Wednesday "" drew about 230 parents , who tackled algebraic formulas , calculated protons , neutrons and electrons of atoms , studied world history and even baked apple pies .",text_news_1995.txt,"(13641967, 13642187)"
311,draws,"<p> This program helped make Boulder an exclusive , attractive , but high-priced city that draws affluent people from around the world to live , study and start businesses .",text_news_1995.txt,"(21811356, 21811530)"
312,drew,"<p> Although the famous flap over Mapplethorpe was principally about his sadomasochistic pictures of homosexuals , two of the portraits of children also drew critical fire . ( In Mapplethorpe 's work , the only category that escaped censorship was the flower pictures .",text_news_1996.txt,"(1916013, 1916283)"
313,drawn,", a family dairy outside Philadelphia that grew into a five-state empire of convenience stores , has drawn people like Hoffman by redefining the business . <p> Kiwi and tomatoes , mineral water and pasta salad , cappuccino and yogurt are available next to the usual cookies , candy bars and cheese dip at Wawa 's 515 stores , all in the Northeast .",text_news_1996.txt,"(5029900, 5030249)"
314,drew,"<p> The Expos , who trailed 8-2 after six innings , also rallied for two runs in the ninth , and again came back from a run down in the 12th . <p> In the 13th , Mike Lansing drew a leadoff walk from Jim Dougherty ( 0-2 ) , and stole second .",text_news_1996.txt,"(5737621, 5737863)"
315,drawn,"<p> Massachusetts <p> Northampton -- A plan to erect a $ 200,000 statue of abolitionist Sojourner Truth in a neighborhood where she spent several years has drawn fire . Critics prefer to spend the money on a scholarship .",text_news_1996.txt,"(6666356, 6666578)"
316,drawing,"To those who have booked her for workshops , the chat she asked Hillary Rodham Clinton to imagine with the late Eleanor Roosevelt had a familiar ring . <p> "" Her whole thing is drawing out the latent human potential that we all have , "" said Tom Valente of Omega , once a shady Jewish summer camp in the Hudson River Valley , not far from Woodstock .",text_news_1996.txt,"(9528526, 9528877)"
317,draws,"<p> There have been countless other heady moments : the long lines at Grisham signings , the annual Faulkner conference that draws voracious readers , the thrill when he first read the manuscript of an Oxford fireman named Larry Brown who wanted so badly to write .",text_news_1996.txt,"(12734964, 12735230)"
318,draw,"<p> With palms open and fingers extended , Wilson would draw his hands apart and stop for a second . After counting a quick one , two , three , four , he slowly moved his hands upward , halfway between his waist and the microphone .",text_news_1996.txt,"(21371496, 21371729)"
319,drawing,"The rust has nothing to do with the stadium structurally . But it looks bad . "" <p> Mile High Stadium is drawing close scrutiny these days . A new six-county football board is examining the upkeep and maintenance costs of the 76,123-seat facility that opened as a 19,000-seat minor league baseball park in 1948 .",text_news_1996.txt,"(23132583, 23132896)"
320,draw,"<p> Many people in Minot , including some of the 4,800 military personnel stationed here , find it somewhat puzzling that anyone 's sex life could draw international attention -- especially anyone from remote Minot .",text_news_1997.txt,"(11314983, 11315200)"
321,drew,"<p> The crowds came out in force . The New York Liberty drew 17,780 to its home opener at Madison Square Garden .",text_news_1998.txt,"(8124680, 8124794)"
322,draws,"<p> Each year the club puts on a National Scrabble Association-sanctioned tournament that draws players from around the United States and Canada . <p> It is one of almost 200 official tournaments that will be held this year , the association 's Joe Edley said .",text_news_1998.txt,"(22778473, 22778735)"
323,drew,"<p> "" I 've always liked old homes and farmhouses , "" said Wallace . "" After I drew the plans , I brought it to an architect to make sure it would stand up .",text_news_1999.txt,"(10954174, 10954332)"
324,drew,"Although the idea of Uncle Sam owning a piece of Corporate America drew harsh criticism from Congress and Wall Street , the administration proposed the plan again this past February .",text_news_2000.txt,"(7536026, 7536210)"
325,drew,"After a strong showing at the Blue Star Camp last summer , Payne drew the attention of countless coaches and recruiters who had been sitting in the stands during her games .",text_news_2000.txt,"(9232493, 9232667)"
326,draw,"May 20-21 . Summerville . Folk artist and his works draw thousands to Summerville for music , arts and crafts by other artists .",text_news_2000.txt,"(12794015, 12794144)"
327,draws,"<p> Thirty-four rangers to patrol 1.2 million acres and a 135-mile-long lake , which draws more than 400,000 visitors a month in the summer . <p> Thirty-four rangers to patch wounds , fight fires , rescue hikers , control boaters , protect resources , arrest criminals , help motorists - even recommend eateries for inquiring tourists - across an area about the size of Delaware .",text_news_2001.txt,"(6007042, 6007423)"
328,draws,"Overhead , the stars blaze against the black sky , and the rhythmic lapping of the waves draws me toward the ever-shifting line where the water meets the sand .",text_news_2001.txt,"(13444739, 13444900)"
329,drawing,"<p> He started with Bill Amis Jr . The younger Amis was drawing about $ 120,000 per year from the oil companies and spending another $ 80,000 on his ranch .",text_news_2001.txt,"(17467386, 17467543)"
330,drew,"<p> At some of the public and private schools in which Queen placed Stephanie -- at least six , as she struggled to find the right setting for her hyperactivity -- Stephanie 's transformation drew complaints . Washington says teachers told her the child 's lipstick and mascara were disrupting the classroom .",text_news_2002.txt,"(10751388, 10751698)"
331,draws,"Stratford takes on Kempner 3 p.m. at Elsik . Northbrook draws Hightower , the city 's top-ranked team , 3 p.m. at Dulles .",text_news_2002.txt,"(20125717, 20125840)"
332,drawing,""" <p> It is the reconstruction spending , however , that is drawing some conservatives ' ire . Moore , who heads the political action committee Club for Growth , called some of the aid request "" frivolous "" and much of it "" preposterous .",text_news_2003.txt,"(11387410, 11387649)"
333,draw," @@3056789 <p> IT SOUNDED so simple to Lisa Keel . <p> She 'd write a check , a nurse would draw her blood , a genetics lab would test it , and the question that haunted her - was she a carrier of Huntington 's disease ?",text_news_2003.txt,"(17864644, 17864865)"
334,drew,"She attended political functions , shook hands all around and agreed to her first interviews in years . <p> She drew crowds of admirers wherever she appeared , and it became apparent she was a political asset .",text_news_2003.txt,"(20127167, 20127378)"
335,draw,"Kostoyev ran to their room and told them he would jump out a window to escape . <p> They pleaded with him not to , as he might draw fire toward the children . He leapt anyway , they said .",text_news_2004.txt,"(1472904, 1473093)"
336,draw,"Enter Old Dominion , which upset third-seeded Villanova in 1995 and played third-seeded New Mexico within four points in 1997 -- the last two times the Monarchs earned a bid . This time they draw Michigan State . <p> Duke <p> Nickname : Blue Devils .",text_news_2005.txt,"(7579886, 7580137)"
337,drawn,"<p> Nationally , President Bush has called for a constitutional amendment stipulating marriages are unions between a man and a woman . <p> Same-sex marriages have drawn staunch opposition from the U.S. Conference of Catholic Bishops , the Southern Baptist Convention and other denominations and faiths .",text_news_2005.txt,"(17918341, 17918645)"
338,draw,"Fundraisers , which range from dinner-dances to soccer tournaments , can draw up to 500 people . "" We 're now seeing the same crowds at our events , "" says Luis Tovar .",text_news_2006.txt,"(3902962, 3903131)"
339,drawing,"He wheezes strongly from what sounds like a serious respiratory problem , with each pained breath drawing fresh tears from those around him . <p> Thursday , Jan.",text_news_2006.txt,"(6937538, 6937700)"
340,drew,<p> The comments were so controversial that they drew widespread media coverage and prompted some of Daly 's colleagues on the board -- many of whom typically relish any opportunity to publicly chastise the mayor -- to distance themselves from him .,text_news_2007.txt,"(3981499, 3981749)"
341,draws,"Instead , they have an office of strategic planning - a sort of "" halfway house "" that was the result of compromise , he says , so there would be no conflict with the CIA , FBI , and the Pentagon . So when the NCTC detects a serious threat , it draws up a plan and "" recommends "" actions for the other agencies .",text_news_2007.txt,"(6760326, 6760639)"
342,drawing,"<p> Professor Squire says that while top-tier candidates may be drawing the biggest crowds , he 's been impressed with how many Iowans are showing up this early to smaller appearances by lesser-known candidates , like Thompson or Dodd .",text_news_2007.txt,"(10114105, 10114342)"
343,draws,"TOOLONG ) , and the annual River Oaks International Tennis Tournament draws a fabulously dressed crowd as well as good players .",text_news_2008.txt,"(14501075, 14501203)"
344,drew,"Support was highest in the Midwest , home to much of the automakers manufacturing base , where the bailout drew 44 percent support . <p> Meanwhile , the automakers waited anxiously for a resolution .",text_news_2008.txt,"(21853314, 21853514)"
345,drew,"<p> Leaderless after losing the White House , the party is mostly defined by its Congressional wing , which flaunted its anti-spending ideology in opposing the stimulus package . That militancy drew the mockery of late-night television comics , but the praise of conservative talk-show stars and the party faithful .",text_news_2009.txt,"(292256, 292573)"
346,draw,"<p> The department has long held that off-duty officers serve as a powerful deterrent to violence . Their presence at the clubs , some of which can draw more than 2,000 patrons a night , has greatly expanded since 2007 , when the county began requiring clubs to hire additional security after police linked 11 homicides in 11 days to clubs .",text_news_2009.txt,"(5611108, 5611450)"
347,drawn,"' # White House aides have said they were considering as many as 10 potential nominees to succeed retiring Justice John Paul Stevens , but three contenders have drawn the most attention : Solicitor General Elena Kagan and two federal appeals court judges , Diane P.",text_news_2010.txt,"(726871, 727137)"
348,draw,"economy Re : "" Migrants backers rally ; Bennet , others draw cheers by supporting policy change , "" Jan. 14 news story .",text_news_2010.txt,"(7334245, 7334366)"
349,draws,"# # Blending laughs and activism , Stewart-Colbert DC rally draws huge crowd as elections loom # WASHINGTON ( AP ) In the shadow of the Capitol and the election , comedians Jon Stewart and Stephen Colbert entertained a huge throng Saturday at a "" sanity "" rally poking fun at the nation 's ill-tempered politics , fear-mongers and doomsayers.",text_news_2010.txt,"(12578070, 12578413)"
350,draws,"Owned and operated by the same family since 1906 and set in the heart of the University of North Carolina Greensboro community , Yum Yum draws a mix of students and locals craving a delicious treat .",text_news_2010.txt,"(14946228, 14946428)"
351,draw,"People ran out of the courthouse , including Ahmadi , who tried to take shelter in the police chief 's office . A policeman refused him entry , saying it could draw insurgent fire on them . He ran off a couple hundred yards before two rockets slammed into the station , killing the policeman .",text_news_2010.txt,"(18828660, 18828954)"
352,drawing,"# There 's a job boom for hookers in this economically battered town of 117,000 - and it 's drawing women from all over the West . # It 's also drawing a community-wide effort to tamp down the problem .",text_news_2011.txt,"(5923174, 5923377)"
353,drew,") # More controversy came last year over the White House 's informal contacts with lobbyists . The administration drew criticism over reports that White House officials were routinely sitting down with registered lobbyists at off-site locales , like a nearby Caribou Coffee shop , for meetings that would not show up on official White House visitor logs .",text_news_2011.txt,"(9413555, 9413911)"
354,draw,""" If we get them here , then we can depend on the folks in town , the campus , our tradition . "" # The folks in town include 4-year-olds who draw pictures for injured players and grandmothers who send over cakes on players birthdays .",text_news_2012.txt,"(6785995, 6786230)"
355,drawn,"It relies mostly on foundation support , along with donations , corporate sponsorships , and advertising . The Independent has drawn national attention by hosting multimedia town-hall sessions , where topics ranged from school reform to gun violence .",text_news_2012.txt,"(19378156, 19378408)"
356,drew,""" They 've all kind of been a little different "" says Epic Development founder Michael McAllister . The Pittsburgh native drew his inspiration from grassroots gatherings he saw happening in Washington , D.",text_news_2012.txt,"(22715755, 22715961)"
357,draw,"Army 's departure , and in late 2012 , he watched the last American convoy drive away and prepared for the worst . As Western troops draw down their presence , Afghan officials have resisted U.",text_news_2013.txt,"(149225, 149419)"
358,draws,"Transforming the Sport Even among detractors , Ecclestone draws widespread respect for what he has achieved while transforming the sport into a personal bonanza : remaking Formula One into a much safer , globe-spanning , 220-mile-an-hour showcase for motor racing 's most advanced technologies from the greasy-overalls , cash-in-the-back-pocket , often-fatal endeavor of the 1950s , ' 60s and ' 70s .",text_news_2013.txt,"(4272399, 4272800)"
359,drew,"It wo n't however , be the last , for every time my boy sees the smoky arch , he will be the latest thing in fireplaces . "" The client 's clever retort drew this response from the architect : "" Wig-wam fireplace stands pat .",text_news_2013.txt,"(20810048, 20810273)"
360,draw,They meet with federal prosecutors and the FBI concerning their inquiry . The two draw up subpoenas for Deal and others and prepare to serve them .,text_news_2014.txt,"(4455189, 4455337)"
361,drawn," @@4130417 A crucial school board election in DeKalb County has drawn 22 candidates , including a former board member who was ousted by Gov .",text_news_2014.txt,"(4553939, 4554081)"
362,drawn,""" Its policymakers are very astute to the need to keep the US happy . "" ' Importing ' problems ? The offer has drawn criticism at home , however . Some 47 percent of Uruguayans said last month that they disapproved of giving the detainees refuge , according to a public opinion poll .",text_news_2014.txt,"(12434237, 12434522)"
363,drawn, @@4131396 Hundreds of migrants nabbed by the border patrol after illegally crossing the US-Mexico border through Texas have been flown to Arizona and left at Greyhound Bus stations in Tucson and Phoenix during the past month . The practice has drawn criticism from activists on both sides of the illegal immigration debate .,text_news_2014.txt,"(12496474, 12496800)"
364,drawn,"But the students ' abduction in Iguala , about 120 miles south of Mexico City , after a run-in with local police , has drawn back the curtain once again , exposing the continuing grip of corruption and insecurity .",text_news_2014.txt,"(13605178, 13605393)"
365,draw,""" In our position , it 's very easy to not have an opinion on anything - because if you do n't have an opinion on anything , you draw no scrutiny to yourself . "" But for many of the athletes who have chosen to speak up about the shooting deaths of black men like Martin , Garner , and Brown , they are simply following in the footsteps of their early predecessors , the first activist athletes .",text_news_2014.txt,"(13818324, 13818720)"
366,drawn,"The formula has worked : The 18-year-old company has n't posted a quarterly loss in the past 12 years . But Allegiant 's steady profits have drawn the ire of the Teamsters Union , which represents its pilots and has been locked into a years-long contract dispute with the airlines .",text_news_2015.txt,"(1690475, 1690758)"
367,drew,"A former math teacher , he continues to work as the senior director of human resources for Minneapolis Public Schools . Brown 's death drew Mckesson to St. Louis . He arrived on Aug. 16 to join the protests .",text_news_2015.txt,"(15180578, 15180787)"
368,draw,"com , noted violent crime has dropped across the country , even in cities such as Chicago where gang battles continually draw national headlines . But Olonso said nailing down a specific cause for a drop in gang crime - which has defied trends such as the economic downturn and a drop in many law enforcement agencies ' staffing levels - is "" a difficult question to answer .",text_news_2015.txt,"(19895612, 19895987)"
369,draws,"Ueno during a composition festival in Thailand . A self-taught vocalist , Mr. Ueno draws on various extended techniques and inspirations : the sub-tones and screams common in heavy metal , throat singing traditions from around the world , multiphonics ( producing multiple notes at once ) , overtones , circular breathing and the ability to sing at an extremely high register - up to a C-Sharp three octaves above middle C.",text_news_2015.txt,"(23746742, 23747166)"
370,drew,"<p> In an interview Tuesday on WJR radio ( 760 AM ) , House Speaker Kevin Cotter said it may be necessary to replace the entire staff of DPS to improve accountability and performance . <p> The controversy drew the attention of U.S. Education Secretary John B. King Jr.",text_news_2016.txt,"(5491714, 5491983)"
371,drawn," @@4188121 <p> Originally published November 15 , 2016 at 12:52 pm Updated November 15 , 2016 at 8:14 pm <p> Stephen Bannon , photographed last week at Trump Tower in Manhattan , will be a high-level White House adviser to Donald Trump , a prospect that has drawn condemnation from several national groups . ( Evan Vucci/AP ) <p> The Jewish Federation of Greater Seattle has joined with national groups in condemning Donald Trump 's appointment of Stephen Bannon , a conservative nationalist media executive , as a senior White House adviser and strategist .",text_news_2016.txt,"(7653535, 7654094)"
372,drew,"Researchers suspect the virus may have arrived in South America during the 2014 World Cup Games that drew millions of fans to Brazil . Zika usually causes no symptoms , which could explain why the first cases of illness were n't reported the country until the following year .",text_news_2016.txt,"(15940448, 15940725)"
373,drew,"<p> But when Kushner prepared an ethics plan ahead of joining the White House as a top adviser to his father-in-law , President Trump , he drew a curious distinction between the two projects . He sold his stake in one while keeping his share of up to $5 million in the other .",text_news_2017.txt,"(1261899, 1262176)"
374,draws,"I marched with a group of interfaith clergy at the head of a rally in response to the "" Patriot Prayer "" gathering scheduled in Waterfront Park . This group draws both white nationalists and supremacists to their side , as well as antifacist counter-protesters violently opposed to their hate-filled ideology .",text_news_2017.txt,"(3719533, 3719844)"
375,drew,"5 million fee negotiated with HGA <p> Architect Walter Jones , MetroHealth 's vice president of Campus Transformation , said the system chose HGA after a selection process launched in February with a request for qualifications that drew 15 responses from teams across the U.S. and which included numerous Cleveland firms .",text_news_2017.txt,"(4241215, 4241537)"
376,draws,"' "" <p> Franklin coach Tom McCarthy , concerned about how Madison draws transfers , has had conversations with PIL district athletic director Marshall Haskins about Johnson .",text_news_2017.txt,"(5558035, 5558210)"
377,drew, @@4197701 <p> A bus company that runs shuttles between college campuses and the Chicago area drew strong rebukes for a racially charged ad that took a swipe at the number of Chinese students attending University of Illinois at Urbana-Champaign .,text_news_2017.txt,"(20792757, 20793004)"
378,drew,"<p> Trading will be closed Tuesday for New Year 's Day . <p> Investors drew encouragement from a tweet from President Donald Trump on Sunday , in which the president said he had a "" long and very good call "" with Chinese President Xi Jinping .",text_news_2018.txt,"(1622424, 1622668)"
379,drew,"It 's the first hike since 1993 , during South Africa 's transition from white minority rule to an all-race democracy . <p> Gigaba 's speech drew criticism from opposition leaders who say corruption and mismanagement have drained state coffers for years .",text_news_2018.txt,"(6926562, 6926818)"
380,draw,"<p> The lot has been owned for generations by the same family , said Ben Sayles , a director at the real estate firm HFF , which is handling the sale . He expects the listing to draw wide interest from developers and investors . <p> A mix of uses -- with "" best of best "" retail on the lower floors and condos , a hotel , or high-end office space above -- would probably make sense , Sayles said .",text_news_2019.txt,"(1530347, 1530745)"
381,draw,""" <p> Whether Tebow ends up making it to the big leagues or not , his journey still will draw interest for as long as he remains a professional baseball player .",text_news_2019.txt,"(10631170, 10631332)"
382,drew,"Semien singled to start the game , Robbie Grossman drew a walk and Olson made it 3-0 before many fans were seated .",text_news_2019.txt,"(11657045, 11657161)"
383,draw,"He was , by inference , referring to Louis Farrakhan @!DONALDSON So you draw the inference he was referring to you , and then you make the leap that he wants to have you killed ?",text_spok_1990.txt,"(2341862, 2342041)"
384,drew,"Commercial break KINSLEY : Bob , I do n't see how George Bush can negotiate a settlement at this point , even if he wanted to . He drew such a clear line in the sand that they have to get out of Kuwait .",text_spok_1990.txt,"(7973698, 7973902)"
385,draw,"Still Conoco Oil of Houston announced in April it would start building double hulled vessels . Company officials draw the line , however , on another proposal on the table in Washington and that is removing all limits on legal liability when a company has an accident .",text_spok_1990.txt,"(14679341, 14679611)"
386,draw,"MS-BRACKETT : Stanford Group Leader , Pat Fobair , herself a cancer survivor , notes that at her hospital as well as across the country , most patients do n't join support groups . @!PAT-FOBAIR-Clinic : We do n't draw 80 percent of the patients who come here . About 10 to 20 percent are -- it 's a kind of a self-selected group , people who are willing to use talking as a mechanism for problem solving basically is what we 're selecting for .",text_spok_1990.txt,"(16697899, 16698343)"
387,draw,"GAMACHE : Every little experience that you 're taking in , in life , is fuel or food that you can later draw on , you know , to express yourself . So really , as a dancer , your whole life is involved with what you 're doing , your acting or your singing or your movement .",text_spok_1990.txt,"(19996585, 19996859)"
388,draws,"AL-GORE : Toward the end of his term , we had this campaign which in retrospect was so incredibly cynical and brazen when George Bush portrayed himself as the environmental President . Of course , now that phrase draws laughter from Republicans and Democrats alike , and he ca n't really use the phrase anymore without kind of wincing , because he knows the reaction that it gets from whatever audience he speaks to .",text_spok_1992.txt,"(20177482, 20177899)"
389,draw,I have to do my job for the American people and let them draw their own conclusions . ' Which statement was uttered by President Clinton ?,text_spok_1994.txt,"(11876074, 11876213)"
390,drew,DAVID MOLPUS : Not too many years ago this kind of scene drew gawks from passing motorists . Shock to see a black man in a Mississippi highway patrolman 's uniform .,text_spok_1995.txt,"(18404294, 18404460)"
391,draw,"But to drop a bomb on women and children and the elderly , I draw a line there , and I still hold it . NOAH ADAMS : Yet you 've heard the numbers .",text_spok_1995.txt,"(18666375, 18666523)"
392,draw,"That New Deal era effort built Denver 's famous Red Rocks Amphitheater and hundreds of other public works projects across the country . @!INSTRUCTOR : When you draw a sample , you ideally like to do it in a place like -- @!",text_spok_1995.txt,"(20357131, 20357355)"
393,drawn,"TWA is coordinating today 's service , which will include the burial of empty caskets . The ceremony has drawn sharp criticism from some family members , while others have welcomed the opportunity to mourn together .",text_spok_1996.txt,"(18368110, 18368327)"
394,drawing,"And I know you 're 47 years old . That -- obviously you 're drawing on a wellspring of personal knowledge here , ( inaudible ) .",text_spok_1997.txt,"(3295499, 3295628)"
395,drew,"Show us what you did . @!ANN-TELNAES : So what I did is I drew a maze , and I stuck Clinton in the middle of it , along with a Democrat and a Republican .",text_spok_1997.txt,"(19068185, 19068340)"
396,draw,Those tapes are all taped at after -- in the afternoon . They draw an audience of kids who should be in high school . And you end up playing to those kids .,text_spok_1997.txt,"(21662346, 21662503)"
397,draw,"Mr-FIENNES : It 's not an acting family , but everyone is equally prolific in their own right and dynamic , and I draw inspiration from all of them . @!RAPPAPORT : So , just how does he think his portrayal of the late great William Shakespeare fares ?",text_spok_1998.txt,"(20234387, 20234638)"
398,draw,"WALD : It makes it tough if you ca n't track the target because it will draw it off , so you have to work very hard to maintain that .",text_spok_1999.txt,"(9924137, 9924271)"
399,draw,"You know , one of the political analysis -- analyses I read this week said that he would draw a Buchanan candidacy in the Reform Party if he 's the candidate -- would draw about equally from Democrats as from Republicans . Because of this very strong protectionist wedge that Pat is driving , he would tend to draw more from the Democratic side .",text_spok_1999.txt,"(12248698, 12249045)"
400,drawn,"Certainly proud of culture because , well , there is something to be proud of . @!KELEMEN : The Gagarins are drawn together by their history , but there are some topics they find divisive .",text_spok_2000.txt,"(6463402, 6463592)"
401,drawn,"The Clintons ' search for a pricey second home has drawn some fire from some critics , but others are more concerned about Mrs.",text_spok_2000.txt,"(16839914, 16840042)"
402,drew,SAFER : Any of the stage business with that couple that you drew from qwq @ ! GLEASON : Oh there were many -- there were many Kramdens in Brooklyn .,text_spok_2001.txt,"(2014005, 2014154)"
403,draw,"And as we learned with Clinton , if you 've been out there a lot , you can draw a lot of heat and survive . I think presidents are going to draw a lot of heat no matter how much they 're out there .",text_spok_2001.txt,"(10807082, 10807281)"
404,drew,"' Our interview with New York Times reporter Danny Hakim on February 9th drew many angry responses from SUV owners , such as this one from Paul R.",text_spok_2003.txt,"(12554618, 12554765)"
405,drawing,But I 'm seeing evidence of what looks like bugs . One of the things that might be drawing them is the rotten food . @!WINFREY : And on the counter is a pizza box left by our crew the last time we were here .,text_spok_2005.txt,"(8067924, 8068133)"
406,draw,Why do you think there are no more big names ? Is there anything that would draw them or you back to the arena ? Our number is ( 800 ) 989-8255 ;,text_spok_2005.txt,"(10865693, 10865839)"
407,drew,"Kinsella , the defense attorney here would take considering the fact that several months ago I drove in to work , it was a Monday morning when I realized that , in fact , national media had been drawn to this case for reasons that I now know happen to be all of the factors here , the wife of a prominent banker , the Christian Brothers Academy , the student-teacher sexual conduct. I mean those were the issues that drew media attention to this case. We have other cases in the office that I think are quite interestingly enough more worthy of the kind of media attention that this case has gotten.",text_spok_2005.txt,"(14638469, 14639069)"
408,drawn,He has raised more money in Florida than any candidate in either party . Thompson has drawn his largest and most enthusiastic crowds yet in Florida .,text_spok_2007.txt,"(4716694, 4716844)"
409,drawing,"THOMPSON : If you 're watching these debates , this was n't -- this was n't my first debate the other night . @!HANNITY : Right . @!THOMPSON : I have been drawing distinctions with Mitt and John and Rudy and Mike across the board .",text_spok_2008.txt,"(5134407, 5134638)"
410,draw,"And if some of the things McCain 's supporters say are shocking , some of the age jokes from some Obama supporters and the digs at Governor Palin are pretty nasty , too . So how much is too much ? Where do you draw the line ? Where should your candidate draw the line ?",text_spok_2008.txt,"(18257359, 18257629)"
411,draw,"The one strong sign of some political movement is all the parties voted for this so-called SOFA , that is the deal on how we protect American troops , when we draw them down and in what order we draw them down . And so yes , Bob , I think it 's totally consistent , I think we can do it .",text_spok_2009.txt,"(9357343, 9357632)"
412,drew,SUSAN-SPENCER-@1vo : Their best evidence -- those incriminating drawings and star expert witness Meloys interpretation of what they meant . @!JOLENE-BLAIR : We drew a lot of similarities between the drawings and our crime scene to such an extent that the defense thought that we were crazy .,text_spok_2009.txt,"(12181242, 12181533)"
413,drawn,GEORGE-STEPHANOPOU# @(Off-camera) The President has drawn one very clear red line in the sand that he wo n't sign any health care bill that increases the deficit .,text_spok_2009.txt,"(17639164, 17639327)"
414,draws,"As our next scene unfolds , we begin to wonder if we 're about to get a lot more than we bargained for . Now , the abuse has escalated and the couple draws a crowd . Keep you eye on the tall runner in black and watch what happens when the boyfriend gets physical .",text_spok_2010.txt,"(14541954, 14542219)"
415,drew,Oprah Winfrey ended twenty-five years of her top-rated TV Talk show on Wednesday speaking about what her fans have meant to her . Over the years she drew a huge audience with celebrity interviews and confessional appearances .,text_spok_2011.txt,"(9782155, 9782382)"
416,draw,"BARBARA WALTERS ( ABC NEWS ) @(Voiceover) And while Hollywood 's creators may take poetic license with the theology of heaven , their stories draw us in because they touch a notion deep in the human heart , that we are part of something bigger than ourselves , that life is an interlude between two great mysteries - why we are here and where we are going .",text_spok_2012.txt,"(14387451, 14387809)"
417,draw,"That 's time for a wakeup call . That means if you draw a red line in the sand with Syria , you have to mean it .",text_spok_2014.txt,"(13032971, 13033085)"
418,drawing,"RYAN-SMITH# @(Voiceover) The Portsmouth police are drawing a blank , but Marcella and her family have been relentless in their search .",text_spok_2016.txt,"(23160658, 23160793)"
419,drawing,"But I would say this : that if he 's confessing in in exchange for no death penalty in this case , then presumably , they 're drawing something up ; and there wo n't be any need for a trial .",text_spok_2017.txt,"(10655207, 10655399)"
420,draw,"Listen , there 's -- we need reform in that area , absolutely . But you know , you can draw a distinction between a dealer , a distributer and a user .",text_spok_2017.txt,"(11255938, 11256090)"
421,draws,"An unarmed black man shot to death by police is laid to rest , amid calls for justice . Plus : A new museum exhibition draws attention to the role Native Americans play in our nation 's identity .",text_spok_2018.txt,"(10448951, 10449148)"
422,drew,"Cambridge Analytica processed data for several Republican clients including Donald Trump 's presidential campaign . It drew attention when it was revealed the company harvested data from eighty-seven million unknowing Facebook users , and cameras caught its CEO discussing underhanded tactics like bribery and sex stings .",text_spok_2018.txt,"(12806005, 12806328)"
423,draw,"@1BRENNAN@2 : So , for you , do you draw a distinction between arming trained staff verse arming educators who are in the classroom with children , as the president has suggested ? @1HUTCHINSON@2 : Well , I draw a distinction . But let me emphasize , there has to be some flexibility here .",text_spok_2018.txt,"(16489164, 16489455)"
424,drew,"And one day he took out this quite fantastic book of Civil War sketches that he had purchased soon after arriving from Russia in 1882 , and it really drew me into the Civil War . And it was n't really till years later that I started thinking about this , and I said , why , an immigrant who spoke almost no English , who arrived here as a teenage draft dodger from the Czar 's army , you know , what was it about this war that intrigued him so much ?",text_spok_2019.txt,"(13441613, 13442064)"
425,drew,"@1CARLA-GUGINO@2 : Yeah . No , for sure . @1JENNA-BUSH-HAGER@2 : What drew you to her ? @1CARLA-GUGINO@2 : You know , it 's -- it 's something that Sebastian Gutierrez and I have been working on for a long time .",text_spok_2019.txt,"(14617550, 14617763)"
426,draws,It changes their mind about how they feel about animals . It draws them in . And that is - that 's the whole point . The point of this is n't to just create this giant archive .,text_spok_2019.txt,"(15216863, 15217041)"
427,draw,Is it -- should government just draw that line ? Is there a line the government should draw ? @1HICKENLOOPER@2 : I think that the Supreme Court has already drawn that line .,text_spok_2019.txt,"(20447681, 20447855)"
428,draw,I did n't come down here ... expecting the 3 of you to draw straws for me . A lot of things are changing . It 's time we face it .,text_tvm_1990.txt,"(1597308, 1597439)"
429,draw,"Lana , this is a solar power plant . The energy that I draw here will make me invincible . And you 're gon na be so proud of me .",text_tvm_1990.txt,"(10847418, 10847548)"
430,drawn," @@5224606 And yet another blaze , presumably a case of arson ... has drawn firefighters to the West River area . Six in the last 24 hours , yet the Metropolis fire department officials have no leads .",text_tvm_1993.txt,"(11886708, 11886910)"
431,draw,"Girls are just utterly out of my reach . They wo n't even let me draw them . ' ' All that changed after I got famous . Absolutely , I would love to pose for you .",text_tvm_1994.txt,"(7308554, 7308717)"
432,draw,"I 'll tell you something , I 'm in awe . I ca n't even draw stick figures . I would love to bronze your head . I beg your pardon .",text_tvm_1994.txt,"(17939800, 17939931)"
433,draw,She could draw a picture faster than a clown could fall over . She 'd draw me and -- Draw me walkin ' down the path . She used pages right from the Bible .,text_tvm_1995.txt,"(4606241, 4606397)"
434,draw,For generations my people have come here for renewal . This mud will draw out impurities . No one saw you ? He 'll have it back before he knows it 's gone .,text_tvm_1995.txt,"(10117906, 10118063)"
435,draw,"You 're getting lousy advice from both heaven and earth here , Mr . Jenkins . If you go to trial and lose , you 'll draw a maximum sentence . "" Then Peter and the other Apostles answered , "" ' We ought to obey God rather than men .",text_tvm_1995.txt,"(25059028, 25059260)"
436,drew,"So the cop , not only was he stupid and gave us directions , my man drew us a map to this place . Yeah , right , he got me , but you do that again , I swear to God .",text_tvm_1996.txt,"(181079, 181245)"
437,drew,"But my father , James Burbage , had the first license to make a company of players from Her Majesty , and he drew from poets the literature of the age . We must show them that we are men of parts .",text_tvm_1998.txt,"(7470462, 7470660)"
438,draw,"$30,000 and this all goes away . $20,000 . - $25,000 . - Done . I 'll draw up the paperwork . You like hot fudge sundaes ? Ah , who knows what you like ?",text_tvm_1998.txt,"(19126917, 19127071)"
439,draw,"I got naked for an eye . Uh , what do you think ? It 's not like what I draw at home , but I 'm sure it 's very good . [Laughing] Moving on .",text_tvm_1999.txt,"(236674, 236816)"
440,drew,"Those are for my eyes only ! Thank you . Look everyone , Stewie drew a picture for his mommy . No ! Hold up the picture .",text_tvm_1999.txt,"(12999652, 12999774)"
441,drew,"I 'm no expert , but this is pretty good . They closed and therefore you drew this ? Because I felt drawings , and thought of them .",text_tvm_1999.txt,"(20792576, 20792709)"
442,drawn,"Satan loves you , Honey . And me too . It has always been drawn to by men impossible . I bet it organized its removal .",text_tvm_2000.txt,"(5684999, 5685119)"
443,drawn,"You 'd copied out a poem of Robert Graves ' . I do n't remember which one . You 'd drawn faces all around it , and I thought , "" This is someone special .",text_tvm_2000.txt,"(10625582, 10625737)"
444,draw,"After 20 years of teaching , nothing shocks you anymore . I wish this had . When did he draw this ? Yesterday . Carly had a ponytail . Charge the boy .",text_tvm_2000.txt,"(18498534, 18498686)"
445,draw,"And now , for my next trick , may I draw your attention to this solid piece of ordinary window glass , framed in an ordinary unprepared frame . May I also draw your attention to this perfectly ordinary steel nail .",text_tvm_2001.txt,"(7915170, 7915385)"
446,draw,"That would be great . Terrance and phillip would draw huge ratings From children all over the country . Very well , kids , we 'll work on getting the event ready here And you go get terrance and phillip .",text_tvm_2001.txt,"(19872425, 19872630)"
447,DRAW,"MIKE , IT 'S STUART . I HAD A POLICE SKETCH ARTIST DRAW A PICTURE OF ALLISON . WELL , IF IT 'S FROM YOUR DESCRIPTION , I 'M GUESSING IT 'S A PICTURE OF DAISY FUENTES IN A WET T-SHIRT .",text_tvm_2001.txt,"(22054749, 22054934)"
448,drew,"Borglum lived a series of poses , each meant to call attention , and he found that nothing drew attention like a public scrap . He skirmished with the rector of St .",text_tvm_2002.txt,"(18282669, 18282835)"
449,draw,We ca n't lay alongside . Cross the wreckage as best you can . I 'll draw their fire . - My division to join Mr Pullings . - Clew up topsails .,text_tvm_2003.txt,"(5250251, 5250395)"
450,drew,He said the lion had a bad tooth and that Sone was pulling it out . It was the only time he drew a picture of Sone and the first time he lied to me .,text_tvm_2004.txt,"(8822087, 8822237)"
451,drawing,"Okay , I 'm going to draw something . You have to guess what I 'm drawing in two minutes . Why do n't you just tell me what it is ?",text_tvm_2004.txt,"(12640214, 12640346)"
452,draw,Poor old nigger slaves arising up against their evil oppressors . I never could draw a colored face . I 've never known one personally .,text_tvm_2005.txt,"(4301094, 4301231)"
453,draw,"I 've got the financing , but I need a sounding board , a confidante , not to mention a gifted engineer . Close your mouth , Joe . You 'll draw flies . What do you do if someone knocks on the door ?",text_tvm_2005.txt,"(10598809, 10599008)"
454,draw,"Since the airport was so far from the post office , they had a truck deliver that I figured , ' here 's these long post offices , why could n't we land on top , pick up the mail directly and fly onward ? So I would draw landing platforms on the rooftops of buildings , slightly angular so the airplane did n't have trouble landing it could n't be as long but it would be slowed up by the incline .",text_tvm_2006.txt,"(5947545, 5947943)"
455,drew,"I was still working at the hospital . Claire did everything . I drew this when I was in the facility , a dream I had after the accident .",text_tvm_2007.txt,"(8458972, 8459110)"
456,drew,"Garcia , talk to us . So , michelle colucci recently drew up the plans for a remodel of 3 floors of a company called techco communications .",text_tvm_2007.txt,"(10463171, 10463312)"
457,draw,"Look , the most important thing right now is you draw enough attention to yourself , we got an airtight alibi .",text_tvm_2008.txt,"(4855905, 4856017)"
458,drew,"And I guess I sort of took the ring and just stuck it on her finger . The ring did n't fit . It 's too small . I drew some blood . She called me a monster , saddest man she ever met .",text_tvm_2008.txt,"(14641813, 14641997)"
459,draw,That 's ridiculous . ... but I 'll come back when you draw it . - Hey . - Hey . - You want some popcorn ? - No .,text_tvm_2009.txt,"(739637, 739750)"
460,draw,And my best advice to you would be to take your pencil ... go on . You draw a line right there . Go on . Just move it over a half an inch .,text_tvm_2009.txt,"(4136744, 4136884)"
461,draw,"- Very , very rarely . - Very rarely . - I did say , "" We 'll draw the line here . "" - You yelled at Alfre . - "" Here !",text_tvm_2009.txt,"(9249996, 9250116)"
462,draw,Let 's see if this cobra solves it . Nothing . Huh . * Just once I wish cupid would draw back his bow * * And shoot me a cutie whose standards are low .,text_tvm_2009.txt,"(15606282, 15606435)"
463,drawing,"I call DeWitt , she 's gon na take it out on Dominic , and who 's Dominic gon na take it out on ? Now Echo 's drawing attention to us . Where do I know her from ? Come on .",text_tvm_2009.txt,"(16056829, 16057002)"
464,draw,"We 'll make a list . - You like lists . - I do like lists . I 'll draw up a template tomorrow with "" locate nearest restroom "" on every other line .",text_tvm_2011.txt,"(12034219, 12034368)"
465,draws,A phlebotomist is supposed to do this . A what ? It 's who draws the blood . Doctors are n't supposed to have to do this .,text_tvm_2011.txt,"(18657507, 18657630)"
466,draw,""" Well , for this challenge , they are . Everyonealwayssaysthat when I draw my fashion figures , they 're so , like , long . It 's kind of like our fashion illustrations get to come to life .",text_tvm_2011.txt,"(20804365, 20804557)"
467,drew,"That 's what I 'm talking about . Just like we drew it up , baby . Just like we drew it up . All right , guys , come on . We 'll get it back .",text_tvm_2012.txt,"(17360882, 17361025)"
468,draw,"ALEX : "" Hunter . "" ( THUMPING ) Wyatt . Um , did you draw that ? What 's a "" Hunter "" ? What does that mean ?",text_tvm_2012.txt,"(18058336, 18058447)"
469,draws,"The lure is something very beautiful , and it bobs in the water . And it draws you ... Yeah . So nice , this person . So wonderful .",text_tvm_2013.txt,"(1703457, 1703590)"
470,draw,"Morgan was a great nurse . I mean , when he would draw blood , he would write "" ouch "" on the band-aids . I mean , I found it incredibly annoying , but , you know , the patients loved it .",text_tvm_2013.txt,"(21157555, 21157744)"
471,drew,"Now , he 's a cagey bastard , you know that . But we were ready for him . So when he drew his gun , Special Agent Barnes drew his . When it was all over , my guy was still alive .",text_tvm_2014.txt,"(12616822, 12617002)"
472,drew,"But we were ready for him . So when he drew his gun , Special Agent Barnes drew his . When it was all over , my guy was still alive .",text_tvm_2014.txt,"(12616868, 12617002)"
473,drew,You 've always known it . I suppose that 's what drew me to you when we were children . I knew what it was like to feel Catherine 's anger .,text_tvm_2014.txt,"(20887796, 20887937)"
474,drew,"The onboard count , 150 passengers , three flight attendants and two pilots , one of whom , the senior pilot , drew on all of his experience and skill , which combined with near-miraculous good luck and a result that was , frankly , astounding .",text_tvm_2016.txt,"(2133168, 2133414)"
475,draw,What 's he doing in there ? Nothing we can stop now . I 'll draw him away . Get Mike and that battery back to Tasha now !,text_tvm_2016.txt,"(9953826, 9953948)"
476,draw,I could have drawn them flags on with a [bleep] pen in my [bleep] . - Why did n't you ? You did n't draw a [bleep] thing in there . - I should have . - You should thank me .,text_tvm_2016.txt,"(15970993, 15971167)"
477,drawn,But if thy love were ever like to mine as sure I think did never man love so how many actions most ridiculous hast thou been drawn to by thy fantasy ? Into a thousand that I have forgotten .,text_tvm_2019.txt,"(822588, 822779)"
478,drawing,"What What scale scale factor factor does does her her drawing drawing use use ? ? "" "" Okay Okay , , one one yard yard equals equals three three , , divided divided by by seven seven and and 1/5 1/5 .",text_tvm_2019.txt,"(14529755, 14529955)"
479,draw,"About half of what it would take . And we 'd only draw more . Yeah , but we can outrun them . The herd will grow .",text_tvm_2019.txt,"(20673713, 20673828)"
480,drawn,"<p> So , if lower rates have you interested in a refinance , it 's worth taking a look at . Just make sure that you 're not being drawn in by the rate alone and that you 're @@5070101 <h> On politics in the Golden State <h> More and more Californians voting before election day <p> November 6 , 2012 8:45 am <p> Months of campaigning have all been leading up to election day on Tuesday , but for an increasing number of voters around the state , the action has already come and gone .",text_web_01.txt,"(11718754, 11719240)"
481,draws,"When things warm up , the panels will slide open to let in the breeze . The bar draws a friendly , non-touristy scene for a mix of drinks both classic ( the $13 mint @@5053306 <h> Here 's what you may have missed today on Android Central : Nov 13th <p> It was another doozy of Nexus news today .",text_web_03.txt,"(6306054, 6306351)"
482,drew,"<p> "" The great support , the history of the club , drew him here . This is a club that will always draw top people and top players but we want to get it back to the top echelons of @@5082309 <h> We Will Not Be Turned Back <p> February 18 , 1983 10th Annual CPAC Conference <p> Ladies and gentlemen , Mr.",text_web_04.txt,"(13028500, 13028806)"
483,draws,"more Paul Johnson writes lively , big picture history . He draws connections between causes and effects , and brings giant figures to life .",text_web_07.txt,"(6366322, 6366463)"
484,drew,"And my hat goes off to you , and thank you and keep up the excellent job . "" <p> The bizarre display of backslapping drew a torrent of outrage from city pols and good-governance groups .",text_web_07.txt,"(13728464, 13728651)"
485,drew,"As a settled agricultural region , most of the South had few economic opportunities to offer immigrants . The industrial jobs that drew people from around the world to northern cities in the late 1800s and early 1900s were largely absent from the South , where the economy continued to be dominated by small-scale agriculture End Page 28 or by post-Civil War versions of plantation agriculture .",text_web_08.txt,"(7563055, 7563451)"
486,drew,"<p> RustyBlueMetalZ Dec 08 , 06 -- 7:27 pm <p> i 'm just a student but what i see here is quite true , i have seen my fellow course mates drew alot of nice illustrations but unable to present their ideas well in their presentations because the audience ca n't see how their designs works .",text_web_09.txt,"(11914253, 11914543)"
487,draw,"And he can not possibly suspect that ( owing to a laundry mix-up , and a stag party the previous night in the same block ) he is wearing heat-dissolving trunks . <p> As the doorbell rings , it is best that we draw a veil . "" <p> Moffat also demonstrated his power on his twitter , in relation to Doctor Who : <p> In weekly podcasts , the producers of LOST have occasionally clarified plot points , such as confirming Jae Lee 's death in "" The Glass Ballerina "" was a suicide .",text_web_09.txt,"(13493361, 13493838)"
488,drew,"And Americans may just be contented to watch it all on their IPads -- made and assembled , of course , in China . <p> The original NASA drew young engineers from conservative universities from the south .",text_web_11.txt,"(1340257, 1340462)"
489,draw,"<p> The Tohono O'odham Nation , boasting neither aggressive warriors nor turquoise jewelry , has a most unwarlike and uncommercial reputation , and it has not prospered in the past century . A casino south of Tucson does draw gamblers , but , except for the annual rodeo , relatively few tourists head for the main reservation ( "" a graveyard of good intentions "" ) 2 or auxiliary settlements .",text_web_11.txt,"(7183200, 7183595)"
490,drew,"<p> When I am on top of her I pretend I 'm the first person seeing her tattoos , that I am her , that I drew them , that I made the decision . I designed everything .",text_web_11.txt,"(19715072, 19715239)"
491,drew,"Luke 22:50 And one of them struck the servant of the high priest , cutting off his right ear . John 18:10 Then Simon Peter , who had a sword , drew it and struck the high priest 's servant , cutting off his right @@5063437 <p> Clients often seem to want to have their cake and eat it , too .",text_web_13.txt,"(10042277, 10042570)"
492,draw,Except his/her comics are fun to look at and he/she can draw the hell out of raccoons . <p> CLUTCH McBASTARD 's long-running diary comic ( it 's in its tenth year !,text_web_13.txt,"(10829418, 10829583)"
493,draw,"Yet this same air lashes their inner parts , When creatures draw a breath or blow it out . Wherefore , since body thus is flogged alike Upon the inside and the out , and blows Come in upon us through the little pores Even inward to our body 's primal parts And primal elements , there comes to pass By slow degrees , along our members then , A kind of overthrow ;",text_web_13.txt,"(19465938, 19466302)"
494,drew,"<p> 2006 - On August 10 , while still out with an injured hamstring , Owens drew attention to himself by wearing the silver and blue uniform of Lance Armstrong 's Discovery Channel pro cycling team while riding a stationary bicycle on the sidelines .",text_web_14.txt,"(5231770, 5232021)"
495,draw,Everything is understood when a small town sheriff bites into an eyeball . These are the scenes that draw you into the world of James Maxey . Good luck on finding your way back out .,text_web_15.txt,"(14983410, 14983593)"
496,draw,"Now what you need to do is decide which menu will draw its information from the MainMenu tiddler , and which menu will draw its information from a tiddler menu that you create , let 's call it SecondMenu .",text_web_16.txt,"(18165049, 18165255)"
497,drew,"Two Super PACs backing Dewhurst spent more than $3 million in the race . <p> The Democratic primary for U.S. Senate drew less than $200,000 among four candidates . That race upended most predictions Tuesday night as newcomer Sean Hubbard was widely expected to make a runoff with former Sadler , who finished in first .",text_web_18.txt,"(8956520, 8956840)"
498,draws,"<p> I 've finally finished every story ( some I read twice ) , and this book stays with me . Contrast is what draws the eye to both image and @@5044754 <h> Clay Guida : 5 Fights for Him to Take at Featherweight <h> By <h> ( Featured Columnist ) on October 1 , 2012 <p> The news came last Friday that current UFC lightweight Clay Guida will drop to the featherweight division .",text_web_19.txt,"(3533923, 3534301)"
499,drawing,"Then , Andrea shoots the group 's sniper , and kills Derek as he 's drawing his gun to shoot Rick . A shootout occurs between the two groups .",text_web_19.txt,"(12273569, 12273712)"
500,drawn,"In spring 2003 , Hallmark/Dayspring Cards launched a new gift card line featuring excerpts from Lucado 's writings--and has already sold more than one million cards . <p> All this success has drawn more than a little attention to a previously low-profile Texas author and minister .",text_web_20.txt,"(3780579, 3780862)"
501,drew,"He held the pipe empty between his teeth , while he rebuilt the fire that was low on the hearth . When the fresh wood began to snap he drew up a chair for each of them , close , and proceeded to fill his pipe .",text_web_21.txt,"(291266, 291477)"
502,drawn,"She 's also the author of Christmas Soul , published by Disney/Jump at the @@5030462 <p> Virginia 's Declaration of Rights was drawn upon by Thomas Jefferson for the opening paragraphs of the Declaration of Independence .",text_web_21.txt,"(1039300, 1039523)"
503,draws,""" Later , he foresaw his death in a dream . And it is that abbreviated second term that draws Lincoln back to the White House . A number of White House residents who came after reportedly saw his lanky figure or felt his presence .",text_web_22.txt,"(502728, 502960)"
504,drawn,The continuing tide of drug-related killings in Mexico has drawn thousands of protesters to march against violence .,text_web_22.txt,"(851571, 851688)"
505,drew,"Nevertheless , the survey asked megachurch attenders to rate a series of 10 items for how influential each factor is in keeping them at the church presently -- the same items listed previously for what initially drew them to church . We also used the same scale of 1 ( not at all ) to 5 ( a lot ) .",text_web_23.txt,"(15710690, 15710989)"
506,drawn,"<p> The late great Francis Schaeffer wrote that the modern evangelical political activism has "" drawn a line between the one total view of reality and the other total view of reality and the results this brings forth in government and law .",text_web_23.txt,"(20778124, 20778365)"
507,drew,"She could feel his lips , the way they brushed over hers in a greedy passion that drew her in , making her body yearn for his even as he touched her .",text_web_24.txt,"(3141699, 3141850)"
508,draw,"I would dismiss those who say that moderate liberals will draw a line on such incidents , after all , where are their protests now ?",text_web_24.txt,"(3251670, 3251803)"
509,drew,"<p> On WSU 's second drive against Oregon , he gambled again on fourth-and-four . The Cougars drew a pass interference penalty on cornerback Terrence Mitchell and got the ball at the UO 2 .",text_web_24.txt,"(14882675, 14882865)"
510,drawing,"On the flight , she 's typing loudly on her laptop , while he 's drawing a cover illustration for his "" What 's in your backpack "" presentation .",text_web_24.txt,"(16774857, 16775003)"
511,drawn,I like her work so much that now I 'm going to have to go out and get everything she 's ever written . The author has creatively drawn the two lead characters like none I 've ever seen .,text_web_25.txt,"(9800883, 9801070)"
512,drawn,Did he do enough throughout the Arab Spring to help the transition to democracy from autocracy ? Has he drawn a hard enough line against Islamic extremists ? Did his administration fail to address security concerns ?,text_web_25.txt,"(12555517, 12555734)"
513,drew,"<p> "" This scenario is incredibly unique , "" Powell said , telling McGinley the court should hold off for five months to see what happens with the appeals . <p> DeWeese drew 3,159 votes in the Democratic primary , she said . <p> A lawyer for the Department of State , which oversees elections , said it did not have a position on @@5094376 <h> ' Flipping the White House ' goes inside complex process of transitioning from one President to the next <p> LOS ANGELES -- With the Presidential election just over a week away , the Discovery Channel is debuting "" Flipping the White House , "" a one-hour special offering a rare glimpse into the complex process of shooing out one President and ushering in another .",text_web_26.txt,"(18174449, 18175161)"
514,draw,"<h> Featured in this story : <p> February 6 , 2012 In historical fiction , the facts draw the reader in , making the world of the novel believable .",text_web_27.txt,"(14551447, 14551596)"
515,drew,"He entered the funeral late , interrupting Saba Sebatyne 's eulogy and drawing much attention , and proceeding to stand alongside the Skywalkers and Jedi Council on the dais . This drew reproach from the Masters and further disrupted the ceremony , but Luke Skywalker overruled them , permitting Caedus to stay .",text_web_27.txt,"(17947471, 17947784)"
516,draw,Lift your eyes to Him and trust Him because it is SO SO worth it . He will draw you closer and bring you into a closer place with Him that will fulfil you more than anything in life can do .,text_web_28.txt,"(7272694, 7272885)"
517,draw,"<p> Likewise , although Pound remained an influential literary figure of his time , whose name could draw new readers to the publication , aspects of his work remained irreconcilable with Moore 's editorial vision for The Dial .",text_web_28.txt,"(10971398, 10971627)"
518,drew,Romney lost the election to President Barack Obama last week . <p> The beloved evangelist drew some criticism for his seemingly increased involvement in politics this year .,text_web_28.txt,"(16492577, 16492751)"
519,draw,"He was kind of loosely based on a co-worker , at least physically , and I would draw him on my blackboard in my cubicle . Sometimes when I had to do presentations about the budget , I would include him in the presentation to liven it up a little bit .",text_web_28.txt,"(18923824, 18924076)"
520,drew,"The recourse to "" conspiracy theories "" is a desperate way out of this deadlock , an attempt to regain a minimum of what Fred Jameson calls "" cognitive mapping . "" <p> Jodi Dean(3) drew attention to a curious phenomenon clearly observable in the "" dialogue of the mutes "" between the official ( "" serious , "" academically institutionalized ) science and the vast domain of so-called pseudo-sciences , from ufology to those who want to decipher the secrets of the pyramids : one can not but be struck by how it is the oficial scientists who proceed in a dogmatic dismissive way , while the pseudo-scientists refer to facts and argumentation deprived of the common prejudices .",text_web_29.txt,"(11345417, 11346093)"
521,drawn,"<p> 14 But after John was delivered up , Jesus came into Galilee preaching the glad tidings of the kingdom of God , 15 and saying , The time is fulfilled and the kingdom of God has drawn nigh ; repent and believe in the glad tidings . <p> 16 And walking by the sea of Galilee , he saw Simon , and Andrew , Simon 's brother , casting out a net in the sea , for they were fishers .",text_web_29.txt,"(11689917, 11690297)"
522,drawing,"<p> Helen Keller at the age of seven , 1887 <p> We walked down the path to the well-house , attracted by the fragrance of the honeysuckle with which it was covered . Some one was drawing water and my teacher placed my hand under the spout .",text_web_30.txt,"(10836382, 10836623)"
523,draws,"The anomalies themselves create mysterious , powerful artifacts that , when held or worn , strengthen the bearer : bulletproofing , radiation resistance , regeneration , improved stamina , and so on . This draws the attention of Stalkers , a blanket term for adventurers , thieves and the like who penetrate the army cordon around the Zone in search of artifacts .",text_web_31.txt,"(5979663, 5980028)"
524,draw,"<p> He might be sworn to silence , but Harry could surely draw his own conclusions when they began work together on the Wolfsbane Potion .",text_web_31.txt,"(8444443, 8444582)"
525,draws,""" <p> Motivating all the interest is the tourism potential of the dinner cars . Eveland said the restaurant draws 8,000 to 9,000 riders a year to its Fremont site from a 150-mile radius to the east , north and south and 250 miles to the west .",text_web_31.txt,"(16225472, 16225716)"
526,drew,"I was asked a question about the Yankees and I could n't answer it . It was n't as if I drew a blank and did n't know the answer , I just could n't answer it with any certainty because I felt like I did n't even care .",text_web_32.txt,"(9412255, 9412474)"
527,drew,"A positive response to Rynn 's letter from Janet Malcolm drew a reply from another Times reader . Under the headline "" What About Hitler ?",text_web_33.txt,"(1476747, 1476886)"
528,draw,"If you have n't got a string , you could use a pole that has the right length , or try to come up with some other improvised solution . Just make sure what you draw is a circle . Now , the line from the first stick to the second is west-east , like on the figure .",text_web_34.txt,"(2501804, 2502069)"
529,drew,"<p> The idea of using robots to restore mobility drew attention last month , when the journal Nature published a study that showed a paralyzed woman using a brain-computer interface to control a robotic arm to move a cup of coffee to her mouth .",text_web_34.txt,"(7118455, 7118701)"
